,NII@NI225,IKS200,IKQ150,A132030,SPI@SPX
,NIKKEI 225 INDEX,코스피 200,코스닥 150,KODEX 골드선물(H),S&P 500
2010-10-01,9404 ,243 ,968 ,9995 ,1146 
2010-10-04,9381 ,244 ,964 ,10065 ,1137 
2010-10-05,9519 ,244 ,964 ,10065 ,1161 
2010-10-06,9691 ,248 ,971 ,10285 ,1160 
2010-10-07,9685 ,247 ,967 ,10335 ,1158 
2010-10-08,9589 ,247 ,966 ,10170 ,1165 
2010-10-11,,245 ,964 ,10335 ,1165 
2010-10-12,9389 ,242 ,958 ,10275 ,1170 
2010-10-13,9404 ,243 ,971 ,10345 ,1178 
2010-10-14,9584 ,246 ,982 ,10525 ,1174 
2010-10-15,9500 ,247 ,991 ,10520 ,1176 
2010-10-18,9498 ,243 ,1004 ,10385 ,1185 
2010-10-19,9539 ,240 ,1002 ,10410 ,1166 
2010-10-20,9382 ,242 ,1014 ,10215 ,1178 
2010-10-21,9376 ,243 ,1017 ,10235 ,1180 
2010-10-22,9427 ,246 ,1018 ,10130 ,1183 
2010-10-25,9401 ,248 ,1020 ,10230 ,1186 
2010-10-26,9377 ,248 ,1020 ,10210 ,1186 
2010-10-27,9387 ,247 ,1025 ,10165 ,1182 
2010-10-28,9366 ,246 ,1021 ,10115 ,1184 
2010-10-29,9202 ,243 ,1019 ,10240 ,1183 
2010-11-01,9155 ,247 ,1023 ,10390 ,1184 
2010-11-02,9160 ,248 ,1015 ,10340 ,1194 
2010-11-03,,250 ,1021 ,10335 ,1198 
2010-11-04,9359 ,251 ,1037 ,10335 ,1221 
2010-11-05,9626 ,251 ,1029 ,10610 ,1226 
2010-11-08,9733 ,252 ,1028 ,10620 ,1223 
2010-11-09,9694 ,252 ,1023 ,10770 ,1213 
2010-11-10,9831 ,255 ,1028 ,10680 ,1219 
2010-11-11,9861 ,248 ,1017 ,10720 ,1214 
2010-11-12,9725 ,248 ,989 ,10565 ,1199 
2010-11-15,9828 ,249 ,982 ,10420 ,1198 
2010-11-16,9797 ,248 ,981 ,10380 ,1178 
2010-11-17,9812 ,247 ,988 ,10175 ,1179 
2010-11-18,10014 ,251 ,1004 ,10320 ,1197 
2010-11-19,10022 ,253 ,1012 ,10320 ,1200 
2010-11-22,10115 ,254 ,1010 ,10385 ,1198 
2010-11-23,,252 ,999 ,10345 ,1181 
2010-11-24,10030 ,252 ,989 ,10490 ,1198 
2010-11-25,10080 ,252 ,991 ,10450 ,
2010-11-26,10040 ,249 ,963 ,10420 ,1189 
2010-11-29,10126 ,249 ,964 ,10320 ,1188 
2010-11-30,9937 ,250 ,972 ,10400 ,1181 
2010-12-01,9988 ,253 ,980 ,10595 ,1206 
2010-12-02,10169 ,256 ,988 ,10585 ,1222 
2010-12-03,10178 ,258 ,976 ,10590 ,1225 
2010-12-06,10167 ,257 ,975 ,10750 ,1223 
2010-12-07,10141 ,259 ,982 ,10820 ,1224 
2010-12-08,10232 ,258 ,980 ,10600 ,1228 
2010-12-09,10286 ,262 ,986 ,10560 ,1233 
2010-12-10,10212 ,262 ,992 ,10595 ,1240 
2010-12-13,10294 ,263 ,1004 ,10570 ,1240 
2010-12-14,10317 ,265 ,1007 ,10680 ,1242 
2010-12-15,10310 ,266 ,1007 ,10615 ,1235 
2010-12-16,10311 ,265 ,1000 ,10520 ,1243 
2010-12-17,10304 ,268 ,997 ,10475 ,1244 
2010-12-20,10216 ,267 ,971 ,10550 ,1247 
2010-12-21,10371 ,269 ,987 ,10540 ,1255 
2010-12-22,10346 ,270 ,984 ,10580 ,1259 
2010-12-23,,270 ,979 ,10570 ,1257 
2010-12-24,10279 ,269 ,971 ,10530 ,
2010-12-27,10356 ,267 ,963 ,10500 ,1258 
2010-12-28,10293 ,269 ,961 ,10590 ,1259 
2010-12-29,10345 ,270 ,979 ,10720 ,1260 
2010-12-30,10229 ,271 ,998 ,10780 ,1258 
2011-01-03,,274 ,1014 ,10855 ,1272 
2011-01-04,10398 ,276 ,1022 ,10805 ,1270 
2011-01-05,10381 ,275 ,1032 ,10535 ,1277 
2011-01-06,10530 ,275 ,1047 ,10495 ,1274 
2011-01-07,10541 ,276 ,1054 ,10405 ,1272 
2011-01-10,,274 ,1060 ,10465 ,1270 
2011-01-11,10511 ,275 ,1056 ,10485 ,1274 
2011-01-12,10513 ,276 ,1059 ,10545 ,1286 
2011-01-13,10590 ,276 ,1057 ,10530 ,1284 
2011-01-14,10499 ,278 ,1062 ,10490 ,1293 
2011-01-17,10503 ,277 ,1057 ,10350 ,
2011-01-18,10519 ,277 ,1048 ,10175 ,1295 
2011-01-19,10557 ,279 ,1058 ,10440 ,1282 
2011-01-20,10437 ,278 ,1058 ,10425 ,1280 
2011-01-21,10275 ,273 ,1039 ,10235 ,1283 
2011-01-24,10345 ,275 ,1043 ,10275 ,1291 
2011-01-25,10464 ,275 ,1036 ,10140 ,1291 
2011-01-26,10402 ,279 ,1040 ,10140 ,1297 
2011-01-27,10479 ,279 ,1051 ,10245 ,1300 
2011-01-28,10360 ,278 ,1051 ,9980 ,1276 
2011-01-31,10238 ,273 ,1038 ,10160 ,1286 
2011-02-01,10275 ,273 ,1044 ,10170 ,1308 
2011-02-07,10592 ,275 ,1057 ,10270 ,1319 
2011-02-08,10636 ,273 ,1058 ,10270 ,1325 
2011-02-09,10618 ,270 ,1043 ,10370 ,1321 
2011-02-10,10606 ,265 ,1034 ,10360 ,1322 
2011-02-11,,260 ,1024 ,10360 ,1329 
2011-02-14,10726 ,266 ,1030 ,10355 ,1332 
2011-02-15,10747 ,265 ,1030 ,10395 ,1328 
2011-02-16,10808 ,263 ,1024 ,10440 ,1336 
2011-02-17,10837 ,261 ,1007 ,10470 ,1340 
2011-02-18,10843 ,266 ,1022 ,10525 ,1343 
2011-02-21,10858 ,265 ,1026 ,10585 ,
2011-02-22,10665 ,260 ,1007 ,10660 ,1315 
2011-02-23,10579 ,259 ,1000 ,10650 ,1307 
2011-02-24,10453 ,258 ,990 ,10735 ,1306 
2011-02-25,10527 ,259 ,1010 ,10680 ,1320 
2011-02-28,10624 ,256 ,1000 ,10765 ,1327 
2011-03-02,10492 ,255 ,998 ,10905 ,1308 
2011-03-03,10586 ,260 ,1012 ,10905 ,1331 
2011-03-04,10694 ,265 ,1029 ,10790 ,1321 
2011-03-07,10505 ,261 ,1026 ,10960 ,1310 
2011-03-08,10525 ,263 ,1039 ,10900 ,1322 
2011-03-09,10590 ,264 ,1032 ,10860 ,1320 
2011-03-10,10434 ,261 ,1028 ,10885 ,1295 
2011-03-11,10254 ,257 ,1018 ,10785 ,1304 
2011-03-14,9620 ,261 ,984 ,10850 ,1296 
2011-03-15,8605 ,254 ,958 ,10800 ,1282 
2011-03-16,9094 ,259 ,962 ,10680 ,1257 
2011-03-17,8963 ,260 ,955 ,10630 ,1274 
2011-03-18,9207 ,262 ,966 ,10770 ,1279 
2011-03-21,,265 ,993 ,10890 ,1298 
2011-03-22,9608 ,266 ,993 ,10890 ,1294 
2011-03-23,9449 ,266 ,1000 ,10875 ,1298 
2011-03-24,9435 ,269 ,1008 ,10965 ,1310 
2011-03-25,9536 ,272 ,1009 ,10925 ,1314 
2011-03-28,9479 ,272 ,1005 ,10855 ,1310 
2011-03-29,9459 ,274 ,1005 ,10825 ,1319 
2011-03-30,9709 ,277 ,1022 ,10825 ,1328 
2011-03-31,9755 ,279 ,1033 ,10885 ,1326 
2011-04-01,9708 ,281 ,1049 ,10940 ,1332 
2011-04-04,9719 ,280 ,1051 ,10905 ,1333 
2011-04-05,9616 ,282 ,1056 ,10950 ,1333 
2011-04-06,9584 ,281 ,1042 ,11090 ,1336 
2011-04-07,9591 ,280 ,1043 ,11100 ,1334 
2011-04-08,9768 ,281 ,1042 ,11185 ,1328 
2011-04-11,9720 ,280 ,1036 ,11260 ,1324 
2011-04-12,9555 ,276 ,1016 ,11115 ,1314 
2011-04-13,9641 ,281 ,1024 ,11110 ,1314 
2011-04-14,9654 ,283 ,1030 ,11155 ,1315 
2011-04-15,9592 ,283 ,1036 ,11260 ,1320 
2011-04-18,9557 ,282 ,1020 ,11330 ,1305 
2011-04-19,9441 ,280 ,1020 ,11365 ,1313 
2011-04-20,9607 ,287 ,1035 ,11430 ,1330 
2011-04-21,9686 ,291 ,1033 ,11490 ,1337 
2011-04-22,9682 ,291 ,1021 ,11475 ,
2011-04-25,9672 ,293 ,1030 ,11540 ,1335 
2011-04-26,9559 ,291 ,1015 ,11420 ,1347 
2011-04-27,9692 ,292 ,1012 ,11485 ,1356 
2011-04-28,9850 ,292 ,1002 ,11665 ,1360 
2011-04-29,,290 ,995 ,11695 ,1364 
2011-05-02,10004 ,295 ,1008 ,11810 ,1361 
2011-05-03,,292 ,996 ,11790 ,1357 
2011-05-04,,288 ,993 ,11640 ,1347 
2011-05-06,9859 ,284 ,984 ,11300 ,1340 
2011-05-09,9794 ,283 ,978 ,11410 ,1346 
2011-05-11,9864 ,286 ,981 ,11580 ,1342 
2011-05-12,9717 ,280 ,980 ,11410 ,1349 
2011-05-13,9649 ,280 ,988 ,11480 ,1338 
2011-05-16,9558 ,277 ,983 ,11360 ,1329 
2011-05-17,9567 ,277 ,974 ,11380 ,1329 
2011-05-18,9662 ,282 ,969 ,11355 ,1341 
2011-05-19,9621 ,276 ,944 ,11405 ,1344 
2011-05-20,9607 ,279 ,944 ,11405 ,1333 
2011-05-23,9461 ,271 ,917 ,11500 ,1317 
2011-05-24,9477 ,272 ,921 ,11545 ,1316 
2011-05-25,9423 ,269 ,913 ,11600 ,1320 
2011-05-26,9562 ,276 ,934 ,11640 ,1326 
2011-05-27,9522 ,277 ,942 ,11620 ,1331 
2011-05-30,9505 ,276 ,934 ,11710 ,
2011-05-31,9694 ,283 ,949 ,11715 ,1345 
2011-06-01,9720 ,283 ,946 ,11685 ,1315 
2011-06-02,9555 ,279 ,936 ,11730 ,1313 
2011-06-03,9492 ,279 ,933 ,11670 ,1300 
2011-06-07,9443 ,277 ,929 ,11775 ,1285 
2011-06-08,9449 ,274 ,923 ,11740 ,1280 
2011-06-09,9467 ,272 ,934 ,11705 ,1289 
2011-06-10,9514 ,269 ,916 ,11765 ,1271 
2011-06-13,9448 ,270 ,897 ,11675 ,1272 
2011-06-14,9548 ,274 ,907 ,11600 ,1288 
2011-06-15,9574 ,275 ,913 ,11640 ,1265 
2011-06-16,9411 ,269 ,903 ,11645 ,1268 
2011-06-17,9351 ,266 ,903 ,11630 ,1272 
2011-06-20,9354 ,264 ,902 ,11730 ,1278 
2011-06-21,9460 ,269 ,908 ,11775 ,1296 
2011-06-22,9629 ,271 ,918 ,11785 ,1287 
2011-06-23,9597 ,269 ,919 ,11810 ,1284 
2011-06-24,9679 ,274 ,940 ,11610 ,1268 
2011-06-27,9578 ,271 ,942 ,11465 ,1280 
2011-06-28,9649 ,270 ,943 ,11435 ,1297 
2011-06-29,9797 ,275 ,948 ,11480 ,1307 
2011-06-30,9816 ,275 ,953 ,11530 ,1321 
2011-07-01,9868 ,279 ,962 ,11445 ,1340 
2011-07-04,9965 ,282 ,971 ,11400 ,
2011-07-05,9972 ,284 ,977 ,11415 ,1338 
2011-07-06,10082 ,285 ,977 ,11565 ,1339 
2011-07-07,10071 ,286 ,985 ,11715 ,1353 
2011-07-08,10138 ,286 ,987 ,11675 ,1344 
2011-07-11,10070 ,282 ,989 ,11800 ,1319 
2011-07-12,9926 ,276 ,974 ,11845 ,1314 
2011-07-13,9963 ,278 ,986 ,11960 ,1318 
2011-07-14,9936 ,278 ,990 ,12110 ,1309 
2011-07-15,9974 ,280 ,1010 ,12090 ,1316 
2011-07-18,,277 ,1032 ,12195 ,1305 
2011-07-19,9890 ,277 ,1048 ,12260 ,1327 
2011-07-20,10006 ,280 ,1053 ,12150 ,1326 
2011-07-21,10010 ,279 ,1050 ,12220 ,1344 
2011-07-22,10132 ,283 ,1064 ,12130 ,1345 
2011-07-25,10050 ,280 ,1066 ,12345 ,1337 
2011-07-26,10098 ,282 ,1078 ,12350 ,1332 
2011-07-27,10047 ,283 ,1076 ,12420 ,1305 
2011-07-28,9901 ,280 ,1078 ,12360 ,1301 
2011-07-29,9833 ,277 ,1070 ,12320 ,1292 
2011-08-01,9965 ,282 ,1088 ,12325 ,1287 
2011-08-02,9845 ,275 ,1075 ,12425 ,1254 
2011-08-03,9637 ,268 ,1068 ,12715 ,1260 
2011-08-04,9659 ,262 ,1045 ,12735 ,1200 
2011-08-05,9300 ,252 ,996 ,12715 ,1199 
2011-08-08,9098 ,242 ,931 ,13090 ,1119 
2011-08-09,8944 ,234 ,873 ,13430 ,1173 
2011-08-10,9039 ,233 ,913 ,13380 ,1121 
2011-08-11,8982 ,234 ,953 ,13690 ,1173 
2011-08-12,8964 ,230 ,958 ,13555 ,1179 
2011-08-16,9107 ,242 ,1000 ,13525 ,1193 
2011-08-17,9057 ,243 ,1021 ,13710 ,1194 
2011-08-18,8944 ,238 ,1027 ,13770 ,1141 
2011-08-19,8719 ,223 ,955 ,14155 ,1124 
2011-08-22,8628 ,219 ,933 ,14465 ,1124 
2011-08-23,8733 ,228 ,964 ,14585 ,1162 
2011-08-24,8640 ,225 ,953 ,14155 ,1178 
2011-08-25,8772 ,227 ,944 ,13250 ,1159 
2011-08-26,8798 ,229 ,944 ,13640 ,1177 
2011-08-29,8851 ,236 ,965 ,13965 ,1210 
2011-08-30,8954 ,238 ,977 ,13810 ,1213 
2011-08-31,8955 ,242 ,988 ,14070 ,1219 
2011-09-01,9061 ,242 ,978 ,13960 ,1204 
2011-09-02,8951 ,240 ,991 ,14015 ,1174 
2011-09-05,8784 ,229 ,963 ,14430 ,
2011-09-06,8591 ,227 ,934 ,14740 ,1165 
2011-09-07,8763 ,236 ,963 ,14140 ,1199 
2011-09-08,8793 ,238 ,955 ,14105 ,1186 
2011-09-09,8738 ,233 ,939 ,14365 ,1154 
2011-09-14,8519 ,225 ,900 ,14070 ,1189 
2011-09-15,8669 ,229 ,909 ,13855 ,1209 
2011-09-16,8864 ,238 ,940 ,13570 ,1216 
2011-09-19,,235 ,925 ,14000 ,1204 
2011-09-20,8721 ,238 ,943 ,13605 ,1202 
2011-09-21,8741 ,240 ,961 ,13890 ,1167 
2011-09-22,8560 ,232 ,947 ,13630 ,1130 
2011-09-23,,219 ,897 ,13130 ,1136 
2011-09-26,8374 ,214 ,823 ,12070 ,1163 
2011-09-27,8610 ,225 ,878 ,12620 ,1175 
2011-09-28,8616 ,224 ,883 ,12575 ,1151 
2011-09-29,8701 ,230 ,903 ,12450 ,1160 
2011-09-30,8700 ,230 ,916 ,12450 ,1131 
2011-10-04,8456 ,222 ,892 ,12780 ,1124 
2011-10-05,8383 ,217 ,854 ,12390 ,1144 
2011-10-06,8522 ,224 ,877 ,12560 ,1165 
2011-10-07,8606 ,230 ,901 ,12695 ,1155 
2011-10-10,,231 ,925 ,12605 ,1195 
2011-10-11,8774 ,235 ,935 ,12860 ,1196 
2011-10-12,8739 ,237 ,955 ,12755 ,1207 
2011-10-13,8823 ,238 ,965 ,12810 ,1204 
2011-10-14,8748 ,240 ,963 ,12730 ,1225 
2011-10-17,8880 ,243 ,989 ,12870 ,1201 
2011-10-18,8742 ,240 ,982 ,12795 ,1225 
2011-10-19,8773 ,242 ,990 ,12705 ,1210 
2011-10-20,8682 ,236 ,945 ,12360 ,1215 
2011-10-21,8679 ,240 ,969 ,12455 ,1238 
2011-10-24,8844 ,248 ,994 ,12620 ,1254 
2011-10-25,8762 ,247 ,994 ,12685 ,1229 
2011-10-26,8748 ,248 ,1005 ,13155 ,1242 
2011-10-27,8927 ,251 ,996 ,13170 ,1285 
2011-10-28,9050 ,252 ,983 ,13330 ,1285 
2011-10-31,8988 ,250 ,984 ,13105 ,1253 
2011-11-01,8836 ,250 ,985 ,13115 ,1218 
2011-11-02,8640 ,248 ,989 ,13185 ,1238 
2011-11-03,,244 ,976 ,13250 ,1261 
2011-11-04,8801 ,252 ,1008 ,13465 ,1253 
2011-11-07,8767 ,251 ,1021 ,13550 ,1261 
2011-11-08,8656 ,248 ,1018 ,13700 ,1276 
2011-11-09,8755 ,249 ,1021 ,13705 ,1229 
2011-11-10,8501 ,236 ,972 ,13450 ,1240 
2011-11-11,8514 ,243 ,996 ,13510 ,1264 
2011-11-14,8604 ,248 ,1010 ,13700 ,1252 
2011-11-15,8542 ,246 ,1004 ,13560 ,1258 
2011-11-16,8463 ,242 ,983 ,13500 ,1237 
2011-11-17,8480 ,245 ,1001 ,13500 ,1216 
2011-11-18,8375 ,239 ,992 ,13190 ,1216 
2011-11-21,8348 ,237 ,983 ,13165 ,1193 
2011-11-22,8315 ,238 ,999 ,12895 ,1188 
2011-11-23,,232 ,966 ,13070 ,1162 
2011-11-24,8165 ,233 ,958 ,12970 ,
2011-11-25,8160 ,231 ,943 ,12940 ,1159 
2011-11-28,8287 ,237 ,961 ,13040 ,1193 
2011-11-29,8478 ,243 ,973 ,13085 ,1195 
2011-11-30,8435 ,241 ,974 ,13145 ,1247 
2011-12-01,8597 ,252 ,981 ,13345 ,1245 
2011-12-02,8644 ,251 ,983 ,13350 ,1244 
2011-12-05,8696 ,252 ,1001 ,13350 ,1257 
2011-12-06,8575 ,249 ,993 ,13075 ,1258 
2011-12-07,8722 ,252 ,996 ,13200 ,1261 
2011-12-08,8665 ,250 ,1000 ,13275 ,1234 
2011-12-09,8536 ,245 ,999 ,13070 ,1255 
2011-12-12,8654 ,249 ,1013 ,12950 ,1236 
2011-12-13,8553 ,243 ,1005 ,12645 ,1226 
2011-12-14,8519 ,242 ,998 ,12525 ,1212 
2011-12-15,8377 ,237 ,973 ,11980 ,1216 
2011-12-16,8402 ,240 ,992 ,12130 ,1220 
2011-12-19,8296 ,232 ,935 ,12110 ,1205 
2011-12-20,8336 ,234 ,955 ,12220 ,1241 
2011-12-21,8460 ,242 ,975 ,12425 ,1244 
2011-12-22,8395 ,241 ,974 ,12260 ,1254 
2011-12-23,,244 ,974 ,12305 ,1265 
2011-12-26,8479 ,243 ,970 ,12225 ,
2011-12-27,8441 ,241 ,945 ,12175 ,1265 
2011-12-28,8424 ,238 ,953 ,12150 ,1250 
2011-12-29,8399 ,238 ,966 ,11880 ,1263 
2012-01-02,,239 ,976 ,11975 ,
2012-01-03,,246 ,989 ,12110 ,1277 
2012-01-04,8560 ,244 ,990 ,12170 ,1277 
2012-01-05,8489 ,244 ,997 ,12380 ,1281 
2012-01-06,8390 ,241 ,986 ,12390 ,1278 
2012-01-09,,238 ,991 ,12315 ,1281 
2012-01-10,8422 ,242 ,999 ,12390 ,1292 
2012-01-11,8448 ,241 ,986 ,12490 ,1292 
2012-01-12,8386 ,243 ,989 ,12550 ,1296 
2012-01-13,8500 ,245 ,995 ,12545 ,1289 
2012-01-16,8378 ,243 ,990 ,12500 ,
2012-01-17,8466 ,248 ,988 ,12650 ,1294 
2012-01-18,8551 ,248 ,976 ,12670 ,1308 
2012-01-19,8640 ,251 ,981 ,12700 ,1315 
2012-01-20,8766 ,257 ,972 ,12665 ,1315 
2012-01-25,8884 ,257 ,970 ,12715 ,1326 
2012-01-26,8849 ,258 ,980 ,13055 ,1318 
2012-01-27,8841 ,259 ,974 ,13135 ,1316 
2012-01-30,8793 ,255 ,959 ,13225 ,1313 
2012-01-31,8803 ,257 ,966 ,13265 ,1312 
2012-02-01,8810 ,257 ,976 ,13255 ,1324 
2012-02-02,8877 ,260 ,980 ,13355 ,1326 
2012-02-03,8832 ,259 ,977 ,13395 ,1345 
2012-02-06,8929 ,259 ,962 ,13220 ,1344 
2012-02-07,8918 ,260 ,963 ,13110 ,1347 
2012-02-08,9016 ,263 ,965 ,13325 ,1350 
2012-02-09,9002 ,265 ,968 ,13255 ,1352 
2012-02-10,8947 ,261 ,980 ,13240 ,1343 
2012-02-13,8999 ,263 ,985 ,13175 ,1352 
2012-02-14,9052 ,262 ,986 ,13085 ,1351 
2012-02-15,9260 ,266 ,990 ,13160 ,1343 
2012-02-16,9238 ,262 ,985 ,13140 ,1358 
2012-02-17,9384 ,266 ,992 ,13220 ,1361 
2012-02-20,9485 ,266 ,986 ,13235 ,
2012-02-21,9463 ,266 ,991 ,13260 ,1362 
2012-02-22,9554 ,267 ,992 ,13415 ,1358 
2012-02-23,9596 ,264 ,984 ,13570 ,1363 
2012-02-24,9647 ,265 ,991 ,13605 ,1366 
2012-02-27,9634 ,261 ,979 ,13565 ,1368 
2012-02-28,9723 ,263 ,986 ,13520 ,1372 
2012-02-29,9723 ,267 ,988 ,13625 ,1366 
2012-03-02,9777 ,267 ,988 ,13155 ,1370 
2012-03-05,9699 ,265 ,978 ,13100 ,1364 
2012-03-06,9638 ,263 ,967 ,13030 ,1343 
2012-03-07,9576 ,260 ,963 ,12825 ,1353 
2012-03-08,9769 ,263 ,969 ,12890 ,1366 
2012-03-09,9930 ,266 ,977 ,13040 ,1371 
2012-03-12,9890 ,264 ,967 ,13030 ,1371 
2012-03-13,9899 ,267 ,974 ,13015 ,1396 
2012-03-14,10051 ,270 ,975 ,12815 ,1394 
2012-03-15,10123 ,270 ,974 ,12540 ,1403 
2012-03-16,10130 ,268 ,980 ,12655 ,1404 
2012-03-19,10142 ,270 ,978 ,12665 ,1410 
2012-03-20,,270 ,966 ,12630 ,1406 
2012-03-21,10086 ,268 ,964 ,12625 ,1403 
2012-03-22,10127 ,268 ,951 ,12560 ,1393 
2012-03-23,10011 ,268 ,949 ,12565 ,1397 
2012-03-26,10018 ,267 ,942 ,12700 ,1417 
2012-03-27,10255 ,271 ,943 ,12890 ,1413 
2012-03-28,10183 ,270 ,939 ,12845 ,1406 
2012-03-29,10115 ,267 ,932 ,12675 ,1403 
2012-03-30,10084 ,267 ,943 ,12720 ,1408 
2012-04-02,10110 ,269 ,945 ,12765 ,1419 
2012-04-03,10050 ,272 ,936 ,12820 ,1413 
2012-04-04,9820 ,268 ,909 ,12555 ,1399 
2012-04-05,9768 ,270 ,911 ,12415 ,1398 
2012-04-06,9688 ,270 ,911 ,12475 ,
2012-04-09,9546 ,266 ,883 ,12520 ,1382 
2012-04-10,9538 ,265 ,880 ,12635 ,1359 
2012-04-12,9525 ,264 ,883 ,12640 ,1388 
2012-04-13,9638 ,267 ,909 ,12800 ,1370 
2012-04-16,9471 ,264 ,909 ,12610 ,1370 
2012-04-17,9465 ,263 ,908 ,12580 ,1391 
2012-04-18,9667 ,266 ,914 ,12610 ,1385 
2012-04-19,9588 ,266 ,909 ,12520 ,1377 
2012-04-20,9561 ,262 ,904 ,12575 ,1379 
2012-04-23,9542 ,262 ,900 ,12565 ,1367 
2012-04-24,9468 ,261 ,886 ,12510 ,1372 
2012-04-25,9561 ,261 ,875 ,12530 ,1391 
2012-04-26,9562 ,262 ,862 ,12580 ,1400 
2012-04-27,9521 ,263 ,866 ,12665 ,1403 
2012-04-30,,264 ,865 ,12740 ,1398 
2012-05-02,9380 ,267 ,876 ,12665 ,1402 
2012-05-03,,266 ,878 ,12630 ,1392 
2012-05-04,,264 ,887 ,12530 ,1369 
2012-05-07,9119 ,260 ,884 ,12565 ,1370 
2012-05-08,9182 ,261 ,899 ,12555 ,1364 
2012-05-09,9045 ,259 ,895 ,12235 ,1355 
2012-05-10,9010 ,258 ,899 ,12240 ,1358 
2012-05-11,8953 ,254 ,906 ,12165 ,1353 
2012-05-14,8974 ,254 ,902 ,12115 ,1338 
2012-05-15,8901 ,252 ,884 ,11910 ,1331 
2012-05-16,8801 ,244 ,855 ,11740 ,1325 
2012-05-17,8877 ,244 ,864 ,11880 ,1305 
2012-05-18,8611 ,236 ,831 ,12060 ,1295 
2012-05-21,8634 ,239 ,831 ,12265 ,1316 
2012-05-22,8729 ,243 ,854 ,12215 ,1317 
2012-05-23,8557 ,240 ,840 ,11985 ,1319 
2012-05-24,8563 ,241 ,835 ,11950 ,1321 
2012-05-25,8580 ,242 ,849 ,11950 ,1318 
2012-05-29,8657 ,245 ,867 ,12070 ,1332 
2012-05-30,8633 ,245 ,866 ,11905 ,1313 
2012-05-31,8543 ,244 ,874 ,12010 ,1310 
2012-06-01,8440 ,243 ,872 ,11925 ,1278 
2012-06-04,8296 ,236 ,831 ,12485 ,1278 
2012-06-05,8382 ,239 ,841 ,12445 ,1286 
2012-06-07,8640 ,246 ,860 ,12465 ,1315 
2012-06-08,8459 ,244 ,849 ,12075 ,1326 
2012-06-11,8625 ,248 ,862 ,12285 ,1309 
2012-06-12,8537 ,246 ,866 ,12230 ,1324 
2012-06-13,8588 ,247 ,862 ,12325 ,1315 
2012-06-14,8569 ,249 ,864 ,12460 ,1329 
2012-06-15,8569 ,247 ,855 ,12475 ,1343 
2012-06-18,8721 ,251 ,865 ,12425 ,1345 
2012-06-19,8656 ,251 ,872 ,12495 ,1358 
2012-06-20,8752 ,253 ,881 ,12450 ,1356 
2012-06-21,8824 ,250 ,881 ,12300 ,1326 
2012-06-22,8798 ,244 ,881 ,11985 ,1335 
2012-06-25,8735 ,241 ,877 ,12080 ,1314 
2012-06-26,8664 ,240 ,877 ,12180 ,1320 
2012-06-27,8730 ,240 ,870 ,12070 ,1332 
2012-06-28,8874 ,240 ,876 ,12085 ,1329 
2012-06-29,9007 ,245 ,883 ,12060 ,1362 
2012-07-02,9003 ,244 ,882 ,12220 ,1366 
2012-07-03,9067 ,247 ,888 ,12305 ,1374 
2012-07-04,9104 ,248 ,892 ,12415 ,
2012-07-05,9080 ,248 ,894 ,12415 ,1368 
2012-07-06,9021 ,245 ,895 ,12325 ,1355 
2012-07-09,8897 ,242 ,890 ,12130 ,1352 
2012-07-10,8858 ,241 ,885 ,12170 ,1341 
2012-07-11,8851 ,240 ,885 ,12100 ,1341 
2012-07-12,8720 ,235 ,875 ,12055 ,1335 
2012-07-13,8724 ,239 ,872 ,12090 ,1357 
2012-07-16,,239 ,866 ,12190 ,1354 
2012-07-17,8755 ,240 ,858 ,12230 ,1364 
2012-07-18,8727 ,236 ,843 ,12145 ,1373 
2012-07-19,8796 ,240 ,857 ,12145 ,1377 
2012-07-20,8670 ,240 ,864 ,12180 ,1363 
2012-07-23,8508 ,236 ,849 ,12150 ,1351 
2012-07-24,8488 ,237 ,842 ,12130 ,1338 
2012-07-25,8366 ,233 ,816 ,12150 ,1338 
2012-07-26,8443 ,235 ,822 ,12325 ,1360 
2012-07-27,8567 ,242 ,835 ,12420 ,1386 
2012-07-30,8635 ,245 ,836 ,12445 ,1385 
2012-07-31,8695 ,250 ,841 ,12490 ,1379 
2012-08-01,8642 ,250 ,842 ,12425 ,1375 
2012-08-02,8653 ,248 ,838 ,12310 ,1365 
2012-08-03,8555 ,245 ,836 ,12240 ,1391 
2012-08-06,8726 ,250 ,844 ,12360 ,1394 
2012-08-07,8803 ,250 ,847 ,12395 ,1401 
2012-08-08,8881 ,253 ,846 ,12355 ,1402 
2012-08-09,8979 ,258 ,852 ,12410 ,1403 
2012-08-10,8891 ,259 ,854 ,12390 ,1406 
2012-08-13,8885 ,257 ,860 ,12475 ,1404 
2012-08-14,8930 ,260 ,865 ,12410 ,1404 
2012-08-16,9093 ,260 ,876 ,12345 ,1416 
2012-08-17,9163 ,258 ,880 ,12430 ,1418 
2012-08-20,9171 ,258 ,887 ,12445 ,1418 
2012-08-21,9157 ,258 ,890 ,12470 ,1413 
2012-08-22,9132 ,256 ,895 ,12615 ,1413 
2012-08-23,9178 ,257 ,911 ,12815 ,1402 
2012-08-24,9071 ,254 ,907 ,12825 ,1411 
2012-08-27,9085 ,253 ,900 ,12900 ,1410 
2012-08-28,9033 ,253 ,912 ,12790 ,1409 
2012-08-29,9070 ,254 ,921 ,12810 ,1410 
2012-08-30,8984 ,251 ,920 ,12740 ,1399 
2012-08-31,8840 ,251 ,923 ,12750 ,1407 
2012-09-03,8784 ,251 ,929 ,12965 ,
2012-09-04,8776 ,251 ,919 ,13040 ,1405 
2012-09-05,8680 ,246 ,913 ,13020 ,1403 
2012-09-06,8681 ,247 ,916 ,13050 ,1432 
2012-09-07,8872 ,254 ,923 ,13010 ,1438 
2012-09-10,8869 ,253 ,920 ,13380 ,1429 
2012-09-11,8807 ,253 ,925 ,13285 ,1434 
2012-09-12,8960 ,257 ,928 ,13380 ,1437 
2012-09-13,8995 ,257 ,934 ,13335 ,1460 
2012-09-14,9159 ,265 ,930 ,13690 ,1466 
2012-09-17,,264 ,923 ,13675 ,1461 
2012-09-18,9124 ,264 ,931 ,13530 ,1459 
2012-09-19,9232 ,264 ,937 ,13685 ,1461 
2012-09-20,9087 ,262 ,936 ,13550 ,1460 
2012-09-21,9110 ,263 ,942 ,13615 ,1460 
2012-09-24,9069 ,264 ,941 ,13555 ,1457 
2012-09-25,9092 ,262 ,924 ,13570 ,1442 
2012-09-26,8907 ,260 ,918 ,13555 ,1433 
2012-09-27,8950 ,262 ,913 ,13545 ,1447 
2012-09-28,8870 ,262 ,925 ,13720 ,1441 
2012-10-02,8786 ,262 ,931 ,13710 ,1446 
2012-10-04,8825 ,262 ,939 ,13730 ,1461 
2012-10-05,8863 ,262 ,947 ,13825 ,1461 
2012-10-08,,260 ,949 ,13645 ,1456 
2012-10-09,8770 ,260 ,950 ,13690 ,1441 
2012-10-10,8596 ,255 ,935 ,13585 ,1433 
2012-10-11,8547 ,253 ,938 ,13585 ,1433 
2012-10-12,8534 ,252 ,945 ,13620 ,1429 
2012-10-15,8578 ,251 ,926 ,13420 ,1440 
2012-10-16,8701 ,254 ,930 ,13360 ,1455 
2012-10-17,8807 ,256 ,925 ,13505 ,1461 
2012-10-18,8983 ,257 ,894 ,13495 ,1457 
2012-10-19,9003 ,255 ,909 ,13410 ,1433 
2012-10-22,9011 ,254 ,917 ,13305 ,1434 
2012-10-23,9014 ,252 ,920 ,13295 ,1413 
2012-10-24,8954 ,250 ,923 ,13185 ,1409 
2012-10-25,9055 ,252 ,909 ,13195 ,1413 
2012-10-26,8933 ,247 ,887 ,13135 ,1412 
2012-10-29,8929 ,248 ,868 ,13220 ,
2012-10-30,8842 ,249 ,883 ,13175 ,
2012-10-31,8928 ,250 ,893 ,13300 ,1412 
2012-11-01,8947 ,248 ,895 ,13280 ,1428 
2012-11-02,9051 ,251 ,902 ,13185 ,1414 
2012-11-05,9007 ,250 ,903 ,12955 ,1417 
2012-11-06,8975 ,252 ,911 ,13015 ,1428 
2012-11-07,8973 ,254 ,913 ,13300 ,1395 
2012-11-08,8837 ,250 ,915 ,13260 ,1378 
2012-11-09,8758 ,249 ,916 ,13405 ,1380 
2012-11-12,8676 ,248 ,916 ,13400 ,1380 
2012-11-13,8661 ,247 ,905 ,13320 ,1375 
2012-11-14,8665 ,248 ,884 ,13335 ,1355 
2012-11-15,8830 ,245 ,871 ,13305 ,1353 
2012-11-16,9024 ,243 ,851 ,13210 ,1360 
2012-11-19,9153 ,246 ,869 ,13290 ,1387 
2012-11-20,9143 ,248 ,876 ,13380 ,1388 
2012-11-21,9223 ,247 ,866 ,13275 ,1391 
2012-11-22,9367 ,250 ,874 ,13370 ,
2012-11-23,,251 ,878 ,13345 ,1409 
2012-11-26,9389 ,251 ,869 ,13500 ,1406 
2012-11-27,9423 ,253 ,866 ,13515 ,1399 
2012-11-28,9308 ,252 ,867 ,13420 ,1410 
2012-11-29,9401 ,255 ,872 ,13270 ,1416 
2012-11-30,9446 ,254 ,877 ,13360 ,1416 
2012-12-03,9458 ,256 ,877 ,13230 ,1409 
2012-12-04,9432 ,255 ,885 ,13110 ,1407 
2012-12-05,9469 ,257 ,872 ,13100 ,1409 
2012-12-06,9545 ,257 ,855 ,13015 ,1414 
2012-12-07,9527 ,259 ,861 ,13130 ,1418 
2012-12-10,9534 ,259 ,862 ,13145 ,1419 
2012-12-11,9525 ,260 ,848 ,13195 ,1428 
2012-12-12,9581 ,262 ,858 ,13190 ,1428 
2012-12-13,9743 ,266 ,866 ,13110 ,1419 
2012-12-14,9738 ,265 ,868 ,13100 ,1414 
2012-12-17,9829 ,263 ,854 ,13050 ,1430 
2012-12-18,9923 ,264 ,851 ,13130 ,1447 
2012-12-20,10039 ,265 ,843 ,12835 ,1444 
2012-12-21,9940 ,262 ,844 ,12670 ,1430 
2012-12-24,,262 ,857 ,12800 ,1427 
2012-12-26,10230 ,262 ,852 ,12760 ,1420 
2012-12-27,10323 ,263 ,874 ,12795 ,1418 
2012-12-28,10395 ,264 ,880 ,12815 ,1402 
2013-01-02,,269 ,889 ,12975 ,1462 
2013-01-03,,268 ,882 ,13020 ,1459 
2013-01-04,10688 ,266 ,895 ,12745 ,1466 
2013-01-07,10599 ,266 ,904 ,12790 ,1462 
2013-01-08,10508 ,264 ,903 ,12730 ,1457 
2013-01-09,10579 ,263 ,909 ,12800 ,1461 
2013-01-10,10653 ,265 ,913 ,12780 ,1472 
2013-01-11,10802 ,263 ,914 ,12925 ,1472 
2013-01-14,,265 ,907 ,12855 ,1471 
2013-01-15,10879 ,261 ,896 ,12895 ,1472 
2013-01-16,10600 ,260 ,896 ,12950 ,1473 
2013-01-17,10610 ,260 ,893 ,12920 ,1481 
2013-01-18,10913 ,262 ,903 ,13020 ,1486 
2013-01-21,10748 ,261 ,906 ,13045 ,
2013-01-22,10710 ,263 ,910 ,13050 ,1493 
2013-01-23,10487 ,261 ,903 ,13055 ,1495 
2013-01-24,10621 ,259 ,893 ,12960 ,1495 
2013-01-25,10927 ,256 ,891 ,12905 ,1503 
2013-01-28,10824 ,255 ,883 ,12815 ,1500 
2013-01-29,10867 ,257 ,886 ,12810 ,1508 
2013-01-30,11114 ,258 ,881 ,12870 ,1502 
2013-01-31,11139 ,258 ,884 ,12980 ,1498 
2013-02-01,11191 ,258 ,885 ,12820 ,1513 
2013-02-04,11260 ,257 ,886 ,12870 ,1496 
2013-02-05,11047 ,255 ,880 ,12910 ,1511 
2013-02-06,11464 ,254 ,889 ,12890 ,1512 
2013-02-07,11357 ,254 ,886 ,12935 ,1509 
2013-02-08,11153 ,257 ,891 ,12870 ,1518 
2013-02-12,11369 ,257 ,887 ,12715 ,1519 
2013-02-13,11251 ,261 ,894 ,12740 ,1520 
2013-02-14,11307 ,261 ,902 ,12680 ,1521 
2013-02-15,11174 ,262 ,903 ,12590 ,1520 
2013-02-18,11408 ,262 ,911 ,12475 ,
2013-02-19,11372 ,262 ,920 ,12460 ,1531 
2013-02-20,11468 ,268 ,925 ,12385 ,1512 
2013-02-21,11309 ,267 ,924 ,12075 ,1502 
2013-02-22,11386 ,267 ,931 ,12245 ,1516 
2013-02-25,11663 ,266 ,929 ,12230 ,1488 
2013-02-26,11399 ,265 ,933 ,12320 ,1497 
2013-02-27,11254 ,265 ,942 ,12445 ,1516 
2013-02-28,11559 ,268 ,944 ,12595 ,1515 
2013-03-04,11652 ,266 ,949 ,12210 ,1525 
2013-03-05,11683 ,267 ,963 ,12205 ,1540 
2013-03-06,11932 ,267 ,962 ,12210 ,1541 
2013-03-07,11968 ,265 ,957 ,12245 ,1544 
2013-03-08,12284 ,265 ,959 ,12205 ,1551 
2013-03-11,12349 ,264 ,956 ,12235 ,1556 
2013-03-12,12315 ,262 ,963 ,12215 ,1552 
2013-03-13,12240 ,263 ,972 ,12300 ,1555 
2013-03-14,12381 ,263 ,977 ,12275 ,1563 
2013-03-15,12561 ,261 ,980 ,12320 ,1561 
2013-03-18,12221 ,258 ,953 ,12345 ,1552 
2013-03-19,12468 ,260 ,970 ,12395 ,1548 
2013-03-20,,257 ,963 ,12435 ,1559 
2013-03-21,12636 ,256 ,961 ,12395 ,1546 
2013-03-22,12339 ,255 ,973 ,12445 ,1557 
2013-03-25,12546 ,260 ,965 ,12410 ,1552 
2013-03-26,12472 ,261 ,965 ,12380 ,1564 
2013-03-27,12494 ,262 ,962 ,12355 ,1563 
2013-03-28,12336 ,262 ,970 ,12420 ,1569 
2013-03-29,12398 ,263 ,973 ,12385 ,
2013-04-01,12135 ,262 ,969 ,12350 ,1562 
2013-04-02,12003 ,261 ,969 ,12350 ,1570 
2013-04-03,12362 ,260 ,982 ,12120 ,1554 
2013-04-04,12635 ,257 ,981 ,11990 ,1560 
2013-04-05,12834 ,253 ,967 ,11985 ,1553 
2013-04-08,13193 ,252 ,931 ,12155 ,1563 
2013-04-09,13192 ,253 ,933 ,12160 ,1569 
2013-04-10,13288 ,254 ,941 ,12245 ,1588 
2013-04-11,13549 ,256 ,954 ,12065 ,1593 
2013-04-12,13485 ,252 ,960 ,12070 ,1589 
2013-04-15,13276 ,252 ,971 ,11205 ,1552 
2013-04-16,13221 ,252 ,983 ,10530 ,1575 
2013-04-17,13383 ,252 ,978 ,10615 ,1552 
2013-04-18,13220 ,248 ,957 ,10565 ,1542 
2013-04-19,13316 ,249 ,935 ,10885 ,1555 
2013-04-22,13568 ,251 ,942 ,10965 ,1563 
2013-04-23,13530 ,250 ,957 ,11015 ,1579 
2013-04-24,13843 ,252 ,976 ,11050 ,1579 
2013-04-25,13926 ,254 ,961 ,11190 ,1585 
2013-04-26,13884 ,253 ,971 ,11400 ,1582 
2013-04-29,,252 ,974 ,11325 ,1594 
2013-04-30,13861 ,256 ,962 ,11330 ,1598 
2013-05-02,13694 ,255 ,952 ,11230 ,1598 
2013-05-03,,256 ,959 ,11400 ,1614 
2013-05-06,,255 ,961 ,11405 ,1618 
2013-05-07,14180 ,254 ,973 ,11305 ,1626 
2013-05-08,14286 ,254 ,975 ,11205 ,1633 
2013-05-09,14191 ,258 ,965 ,11375 ,1627 
2013-05-10,14608 ,253 ,958 ,11300 ,1634 
2013-05-13,14782 ,253 ,952 ,11085 ,1634 
2013-05-14,14758 ,256 ,948 ,11135 ,1650 
2013-05-15,15096 ,257 ,956 ,10995 ,1659 
2013-05-16,15037 ,259 ,959 ,10790 ,1650 
2013-05-20,15361 ,259 ,962 ,10390 ,1666 
2013-05-21,15381 ,258 ,971 ,10785 ,1669 
2013-05-22,15627 ,260 ,970 ,10655 ,1655 
2013-05-23,14484 ,257 ,962 ,10615 ,1651 
2013-05-24,14612 ,257 ,971 ,10760 ,1650 
2013-05-27,14143 ,258 ,976 ,10750 ,
2013-05-28,14312 ,259 ,992 ,10725 ,1660 
2013-05-29,14326 ,261 ,992 ,10670 ,1648 
2013-05-30,13589 ,261 ,985 ,10810 ,1654 
2013-05-31,13775 ,261 ,980 ,10930 ,1631 
2013-06-03,13262 ,260 ,962 ,10800 ,1640 
2013-06-04,13534 ,261 ,948 ,10855 ,1631 
2013-06-05,13015 ,257 ,925 ,10860 ,1609 
2013-06-07,12878 ,251 ,902 ,10935 ,1643 
2013-06-10,13514 ,252 ,922 ,10675 ,1643 
2013-06-11,13318 ,250 ,921 ,10670 ,1626 
2013-06-12,13289 ,249 ,917 ,10625 ,1613 
2013-06-13,12445 ,244 ,908 ,10725 ,1636 
2013-06-14,12687 ,245 ,900 ,10695 ,1627 
2013-06-17,13033 ,245 ,882 ,10710 ,1639 
2013-06-18,13007 ,247 ,901 ,10670 ,1652 
2013-06-19,13245 ,245 ,894 ,10560 ,1629 
2013-06-20,13015 ,240 ,887 ,10340 ,1588 
2013-06-21,13230 ,237 ,882 ,10025 ,1592 
2013-06-24,13063 ,233 ,861 ,9875 ,1573 
2013-06-25,12969 ,232 ,818 ,9850 ,1588 
2013-06-26,12834 ,232 ,841 ,9630 ,1603 
2013-06-27,13214 ,239 ,874 ,9580 ,1613 
2013-06-28,13677 ,242 ,886 ,9340 ,1606 
2013-07-01,13853 ,241 ,906 ,9595 ,1615 
2013-07-02,14099 ,241 ,910 ,9725 ,1614 
2013-07-03,14056 ,237 ,901 ,9580 ,1615 
2013-07-04,14019 ,239 ,906 ,9660 ,
2013-07-05,14310 ,237 ,905 ,9600 ,1632 
2013-07-08,14109 ,235 ,888 ,9420 ,1640 
2013-07-09,14473 ,237 ,889 ,9710 ,1652 
2013-07-10,14417 ,236 ,883 ,9610 ,1653 
2013-07-11,14473 ,244 ,904 ,9975 ,1675 
2013-07-12,14506 ,243 ,912 ,9880 ,1680 
2013-07-15,,243 ,908 ,9945 ,1683 
2013-07-16,14599 ,242 ,920 ,9895 ,1676 
2013-07-17,14615 ,245 ,928 ,9945 ,1681 
2013-07-18,14809 ,243 ,926 ,9840 ,1689 
2013-07-19,14590 ,242 ,926 ,9955 ,1692 
2013-07-22,14658 ,243 ,925 ,10155 ,1696 
2013-07-23,14779 ,247 ,925 ,10250 ,1692 
2013-07-24,14731 ,248 ,927 ,10305 ,1686 
2013-07-25,14563 ,248 ,923 ,10190 ,1690 
2013-07-26,14130 ,248 ,931 ,10295 ,1692 
2013-07-29,13661 ,247 ,927 ,10220 ,1685 
2013-07-30,13870 ,249 ,940 ,10220 ,1686 
2013-07-31,13668 ,248 ,962 ,10260 ,1686 
2013-08-01,14006 ,249 ,946 ,10150 ,1707 
2013-08-02,14466 ,249 ,949 ,9940 ,1710 
2013-08-05,14258 ,248 ,961 ,10120 ,1707 
2013-08-06,14401 ,247 ,963 ,9930 ,1697 
2013-08-07,13825 ,243 ,959 ,9840 ,1691 
2013-08-08,13606 ,243 ,958 ,9980 ,1697 
2013-08-09,13615 ,243 ,953 ,10085 ,1691 
2013-08-12,13519 ,244 ,942 ,10245 ,1689 
2013-08-13,13867 ,248 ,945 ,10285 ,1694 
2013-08-14,14050 ,250 ,944 ,10170 ,1685 
2013-08-16,13650 ,249 ,940 ,10500 ,1656 
2013-08-19,13758 ,249 ,947 ,10640 ,1646 
2013-08-20,13396 ,245 ,927 ,10470 ,1652 
2013-08-21,13424 ,242 ,915 ,10530 ,1643 
2013-08-22,13365 ,240 ,891 ,10500 ,1657 
2013-08-23,13661 ,243 ,911 ,10580 ,1664 
2013-08-26,13636 ,246 ,917 ,10765 ,1657 
2013-08-27,13542 ,246 ,898 ,10765 ,1630 
2013-08-28,13338 ,246 ,885 ,10995 ,1635 
2013-08-29,13460 ,249 ,887 ,10815 ,1638 
2013-08-30,13389 ,252 ,875 ,10850 ,1633 
2013-09-02,13573 ,251 ,895 ,10770 ,
2013-09-03,13978 ,252 ,895 ,10730 ,1640 
2013-09-04,14054 ,252 ,894 ,10825 ,1653 
2013-09-05,14065 ,255 ,898 ,10665 ,1655 
2013-09-06,13861 ,255 ,888 ,10580 ,1655 
2013-09-09,14205 ,258 ,882 ,10675 ,1672 
2013-09-10,14423 ,261 ,887 ,10605 ,1684 
2013-09-11,14425 ,262 ,901 ,10515 ,1689 
2013-09-12,14387 ,262 ,901 ,10470 ,1683 
2013-09-13,14405 ,261 ,904 ,10115 ,1688 
2013-09-16,,264 ,896 ,10245 ,1698 
2013-09-17,14312 ,263 ,898 ,10120 ,1705 
2013-09-23,,263 ,901 ,10200 ,1702 
2013-09-24,14733 ,263 ,902 ,10235 ,1697 
2013-09-25,14621 ,261 ,902 ,10205 ,1693 
2013-09-26,14799 ,263 ,913 ,10260 ,1699 
2013-09-27,14760 ,263 ,921 ,10230 ,1692 
2013-09-30,14456 ,261 ,918 ,10335 ,1682 
2013-10-01,14485 ,261 ,912 ,10250 ,1695 
2013-10-02,14170 ,262 ,915 ,9980 ,1694 
2013-10-04,14024 ,262 ,915 ,10155 ,1691 
2013-10-07,13853 ,262 ,908 ,10130 ,1676 
2013-10-08,13895 ,263 ,910 ,10225 ,1655 
2013-10-10,14195 ,263 ,908 ,10085 ,1693 
2013-10-11,14405 ,266 ,914 ,9970 ,1703 
2013-10-14,,266 ,914 ,9815 ,1710 
2013-10-15,14442 ,269 ,916 ,9800 ,1698 
2013-10-16,14467 ,268 ,902 ,9885 ,1722 
2013-10-17,14587 ,270 ,893 ,9845 ,1733 
2013-10-18,14562 ,271 ,900 ,10135 ,1745 
2013-10-21,14694 ,271 ,908 ,10160 ,1745 
2013-10-22,14713 ,271 ,913 ,10140 ,1755 
2013-10-23,14426 ,268 ,900 ,10305 ,1746 
2013-10-24,14486 ,269 ,909 ,10300 ,1752 
2013-10-25,14088 ,268 ,915 ,10340 ,1760 
2013-10-28,14396 ,270 ,915 ,10410 ,1762 
2013-10-29,14326 ,270 ,913 ,10435 ,1772 
2013-10-30,14502 ,271 ,921 ,10360 ,1763 
2013-10-31,14328 ,267 ,911 ,10430 ,1757 
2013-11-01,14202 ,269 ,913 ,10225 ,1762 
2013-11-04,,267 ,907 ,10130 ,1768 
2013-11-05,14225 ,265 ,897 ,10125 ,1763 
2013-11-06,14337 ,265 ,892 ,10130 ,1770 
2013-11-07,14228 ,263 ,880 ,10160 ,1747 
2013-11-08,14087 ,261 ,874 ,10110 ,1771 
2013-11-11,14270 ,260 ,854 ,9915 ,1772 
2013-11-12,14589 ,263 ,868 ,9860 ,1768 
2013-11-13,14567 ,258 ,859 ,9790 ,1782 
2013-11-14,14876 ,258 ,870 ,9925 ,1791 
2013-11-15,15166 ,264 ,872 ,9945 ,1798 
2013-11-18,15164 ,265 ,868 ,9940 ,1792 
2013-11-19,15127 ,268 ,863 ,9820 ,1788 
2013-11-20,15076 ,266 ,860 ,9830 ,1781 
2013-11-21,15366 ,262 ,854 ,9625 ,1796 
2013-11-22,15382 ,264 ,860 ,9595 ,1805 
2013-11-25,15619 ,265 ,870 ,9570 ,1802 
2013-11-26,15515 ,266 ,874 ,9625 ,1803 
2013-11-27,15450 ,267 ,875 ,9575 ,1807 
2013-11-28,15727 ,270 ,883 ,9565 ,
2013-11-29,15662 ,270 ,885 ,9590 ,1806 
2013-12-02,15655 ,268 ,880 ,9625 ,1801 
2013-12-03,15750 ,265 ,870 ,9425 ,1795 
2013-12-04,15408 ,261 ,867 ,9440 ,1793 
2013-12-05,15177 ,261 ,865 ,9545 ,1785 
2013-12-06,15300 ,261 ,867 ,9470 ,1805 
2013-12-09,15650 ,264 ,861 ,9490 ,1808 
2013-12-10,15611 ,263 ,856 ,9550 ,1803 
2013-12-11,15515 ,261 ,850 ,9695 ,1782 
2013-12-12,15342 ,259 ,851 ,9675 ,1776 
2013-12-13,15403 ,258 ,846 ,9480 ,1775 
2013-12-16,15153 ,258 ,834 ,9545 ,1787 
2013-12-17,15279 ,259 ,831 ,9590 ,1781 
2013-12-18,15588 ,260 ,830 ,9540 ,1811 
2013-12-19,15859 ,260 ,826 ,9445 ,1810 
2013-12-20,15870 ,261 ,834 ,9235 ,1818 
2013-12-23,,263 ,836 ,9280 ,1828 
2013-12-24,15889 ,264 ,839 ,9215 ,1833 
2013-12-26,16174 ,263 ,833 ,9260 ,1842 
2013-12-27,16179 ,263 ,850 ,9330 ,1841 
2013-12-30,16291 ,264 ,856 ,9340 ,1841 
2014-01-02,,258 ,849 ,9430 ,1832 
2014-01-03,,254 ,857 ,9490 ,1831 
2014-01-06,15909 ,255 ,858 ,9535 ,1827 
2014-01-07,15814 ,256 ,866 ,9570 ,1838 
2014-01-08,16121 ,256 ,879 ,9490 ,1837 
2014-01-09,15880 ,254 ,882 ,9450 ,1838 
2014-01-10,15912 ,252 ,878 ,9550 ,1842 
2014-01-13,,254 ,881 ,9620 ,1819 
2014-01-14,15422 ,254 ,877 ,9640 ,1839 
2014-01-15,15809 ,255 ,884 ,9590 ,1848 
2014-01-16,15747 ,255 ,888 ,9575 ,1846 
2014-01-17,15734 ,253 ,888 ,9575 ,1839 
2014-01-20,15642 ,255 ,891 ,9655 ,
2014-01-21,15796 ,256 ,894 ,9650 ,1844 
2014-01-22,15821 ,257 ,898 ,9570 ,1845 
2014-01-23,15696 ,254 ,900 ,9515 ,1828 
2014-01-24,15392 ,253 ,896 ,9690 ,1790 
2014-01-27,15006 ,249 ,871 ,9795 ,1782 
2014-01-28,14980 ,250 ,876 ,9745 ,1793 
2014-01-29,15384 ,253 ,885 ,9685 ,1774 
2014-02-03,14619 ,250 ,883 ,9585 ,1742 
2014-02-04,14008 ,245 ,871 ,9680 ,1755 
2014-02-05,14180 ,246 ,864 ,9705 ,1752 
2014-02-06,14155 ,249 ,871 ,9705 ,1773 
2014-02-07,14462 ,251 ,878 ,9715 ,1797 
2014-02-10,14718 ,250 ,884 ,9780 ,1800 
2014-02-11,,252 ,882 ,9895 ,1820 
2014-02-12,14800 ,252 ,884 ,9920 ,1819 
2014-02-13,14535 ,251 ,887 ,9965 ,1830 
2014-02-14,14313 ,253 ,886 ,10050 ,1839 
2014-02-17,14393 ,254 ,884 ,10255 ,
2014-02-18,14843 ,254 ,893 ,10145 ,1841 
2014-02-19,14767 ,253 ,904 ,10170 ,1829 
2014-02-20,14449 ,251 ,894 ,10110 ,1840 
2014-02-21,14866 ,255 ,901 ,10140 ,1836 
2014-02-24,14838 ,254 ,895 ,10220 ,1848 
2014-02-25,15052 ,256 ,899 ,10310 ,1845 
2014-02-26,14971 ,257 ,899 ,10350 ,1845 
2014-02-27,14923 ,258 ,897 ,10255 ,1854 
2014-02-28,14841 ,258 ,897 ,10315 ,1859 
2014-03-03,14652 ,256 ,900 ,10405 ,1846 
2014-03-04,14721 ,255 ,901 ,10465 ,1874 
2014-03-05,14898 ,257 ,907 ,10330 ,1874 
2014-03-06,15135 ,258 ,914 ,10320 ,1877 
2014-03-07,15274 ,257 ,921 ,10450 ,1878 
2014-03-10,15120 ,254 ,917 ,10310 ,1877 
2014-03-11,15224 ,255 ,926 ,10370 ,1868 
2014-03-12,14830 ,251 ,907 ,10465 ,1868 
2014-03-13,14816 ,251 ,922 ,10580 ,1846 
2014-03-14,14328 ,249 ,916 ,10560 ,1841 
2014-03-17,14278 ,250 ,899 ,10715 ,1859 
2014-03-18,14411 ,252 ,908 ,10540 ,1872 
2014-03-19,14463 ,251 ,911 ,10500 ,1861 
2014-03-20,14224 ,249 ,905 ,10255 ,1872 
2014-03-21,,251 ,914 ,10275 ,1867 
2014-03-24,14475 ,252 ,911 ,10240 ,1857 
2014-03-25,14423 ,252 ,898 ,10160 ,1866 
2014-03-26,14477 ,255 ,912 ,10160 ,1853 
2014-03-27,14623 ,257 ,904 ,10090 ,1849 
2014-03-28,14696 ,257 ,907 ,10005 ,1858 
2014-03-31,14828 ,258 ,904 ,10040 ,1872 
2014-04-01,14792 ,259 ,918 ,9955 ,1886 
2014-04-02,14946 ,260 ,936 ,9945 ,1891 
2014-04-03,15072 ,259 ,937 ,10000 ,1889 
2014-04-04,15064 ,259 ,942 ,9975 ,1865 
2014-04-07,14809 ,260 ,931 ,10070 ,1845 
2014-04-08,14607 ,260 ,931 ,10075 ,1852 
2014-04-09,14300 ,261 ,924 ,10150 ,1872 
2014-04-10,14300 ,262 ,928 ,10145 ,1833 
2014-04-11,13960 ,261 ,928 ,10230 ,1816 
2014-04-14,13910 ,261 ,940 ,10275 ,1831 
2014-04-15,13997 ,260 ,938 ,10225 ,1843 
2014-04-16,14418 ,260 ,941 ,10040 ,1862 
2014-04-17,14418 ,260 ,940 ,10060 ,1865 
2014-04-18,14516 ,262 ,954 ,10015 ,
2014-04-21,14512 ,261 ,951 ,9970 ,1872 
2014-04-22,14389 ,262 ,953 ,9970 ,1880 
2014-04-23,14546 ,261 ,943 ,9960 ,1875 
2014-04-24,14405 ,261 ,936 ,9945 ,1879 
2014-04-25,14429 ,257 ,928 ,10000 ,1863 
2014-04-28,14288 ,257 ,929 ,10080 ,1869 
2014-04-29,,256 ,931 ,10010 ,1878 
2014-04-30,14304 ,255 ,934 ,10015 ,1884 
2014-05-02,14458 ,255 ,930 ,9950 ,1881 
2014-05-07,14033 ,252 ,911 ,10140 ,1878 
2014-05-08,14164 ,254 ,902 ,9990 ,1876 
2014-05-09,14200 ,254 ,905 ,10000 ,1878 
2014-05-12,14150 ,256 ,908 ,9955 ,1897 
2014-05-13,14425 ,258 ,920 ,10000 ,1897 
2014-05-14,14406 ,262 ,924 ,10000 ,1889 
2014-05-15,14298 ,262 ,927 ,10060 ,1871 
2014-05-16,14097 ,263 ,919 ,10035 ,1878 
2014-05-19,14006 ,263 ,902 ,10000 ,1885 
2014-05-20,14075 ,263 ,897 ,9995 ,1873 
2014-05-21,14042 ,262 ,901 ,10030 ,1888 
2014-05-22,14338 ,263 ,902 ,10000 ,1892 
2014-05-23,14462 ,263 ,907 ,10010 ,1901 
2014-05-26,14603 ,262 ,905 ,9995 ,
2014-05-27,14637 ,260 ,905 ,9980 ,1912 
2014-05-28,14671 ,263 ,910 ,9820 ,1910 
2014-05-29,14682 ,263 ,908 ,9760 ,1920 
2014-05-30,14632 ,260 ,901 ,9740 ,1924 
2014-06-02,14936 ,261 ,886 ,9640 ,1925 
2014-06-03,15034 ,262 ,878 ,9655 ,1924 
2014-06-05,15079 ,261 ,859 ,9660 ,1940 
2014-06-09,15124 ,260 ,863 ,9720 ,1951 
2014-06-10,14995 ,263 ,879 ,9740 ,1951 
2014-06-11,15069 ,263 ,877 ,9760 ,1944 
2014-06-12,14974 ,262 ,880 ,9750 ,1930 
2014-06-13,15098 ,259 ,882 ,9875 ,1936 
2014-06-16,14933 ,259 ,880 ,9940 ,1938 
2014-06-17,14976 ,260 ,882 ,9820 ,1942 
2014-06-18,15116 ,259 ,881 ,9820 ,1957 
2014-06-19,15361 ,259 ,881 ,9920 ,1959 
2014-06-20,15349 ,255 ,881 ,10155 ,1963 
2014-06-23,15369 ,257 ,874 ,10190 ,1963 
2014-06-24,15376 ,260 ,874 ,10160 ,1950 
2014-06-25,15267 ,258 ,871 ,10155 ,1960 
2014-06-26,15308 ,260 ,874 ,10180 ,1957 
2014-06-27,15095 ,259 ,876 ,10205 ,1961 
2014-06-30,15162 ,261 ,885 ,10215 ,1960 
2014-07-01,15326 ,260 ,901 ,10285 ,1973 
2014-07-02,15370 ,262 ,909 ,10255 ,1975 
2014-07-03,15348 ,261 ,909 ,10240 ,1985 
2014-07-04,15437 ,261 ,913 ,10200 ,
2014-07-07,15379 ,260 ,914 ,10155 ,1978 
2014-07-08,15314 ,260 ,914 ,10200 ,1964 
2014-07-09,15303 ,259 ,913 ,10245 ,1973 
2014-07-10,15216 ,259 ,919 ,10340 ,1965 
2014-07-11,15164 ,257 ,912 ,10390 ,1968 
2014-07-14,15297 ,257 ,920 ,10280 ,1977 
2014-07-15,15395 ,260 ,917 ,10135 ,1973 
2014-07-16,15379 ,261 ,908 ,10085 ,1982 
2014-07-17,15370 ,262 ,914 ,10145 ,1958 
2014-07-18,15216 ,262 ,913 ,10190 ,1978 
2014-07-21,,262 ,916 ,10145 ,1974 
2014-07-22,15343 ,263 ,920 ,10130 ,1984 
2014-07-23,15329 ,263 ,917 ,10145 ,1987 
2014-07-24,15284 ,263 ,915 ,10040 ,1988 
2014-07-25,15458 ,263 ,922 ,10035 ,1978 
2014-07-28,15529 ,266 ,907 ,10100 ,1979 
2014-07-29,15618 ,268 ,887 ,10115 ,1970 
2014-07-30,15646 ,271 ,890 ,10050 ,1970 
2014-07-31,15621 ,270 ,877 ,10045 ,1931 
2014-08-01,15523 ,269 ,886 ,9975 ,1925 
2014-08-04,15475 ,270 ,901 ,10000 ,1939 
2014-08-05,15320 ,268 ,900 ,9980 ,1920 
2014-08-06,15160 ,267 ,900 ,9980 ,1920 
2014-08-07,15232 ,266 ,898 ,10105 ,1910 
2014-08-08,14778 ,262 ,895 ,10210 ,1932 
2014-08-11,15131 ,263 ,900 ,10135 ,1937 
2014-08-12,15161 ,263 ,901 ,10110 ,1934 
2014-08-13,15214 ,266 ,915 ,10130 ,1947 
2014-08-14,15315 ,266 ,928 ,10165 ,1955 
2014-08-18,15323 ,264 ,934 ,10085 ,1972 
2014-08-19,15450 ,267 ,937 ,10090 ,1982 
2014-08-20,15454 ,267 ,934 ,10050 ,1987 
2014-08-21,15586 ,263 ,935 ,9995 ,1992 
2014-08-22,15539 ,264 ,940 ,9930 ,1988 
2014-08-25,15613 ,264 ,938 ,9940 ,1998 
2014-08-26,15521 ,265 ,944 ,9965 ,2000 
2014-08-27,15535 ,266 ,941 ,9935 ,2000 
2014-08-28,15460 ,266 ,946 ,9990 ,1997 
2014-08-29,15425 ,265 ,944 ,10010 ,2003 
2014-09-01,15477 ,265 ,940 ,9990 ,
2014-09-02,15669 ,263 ,945 ,9970 ,2002 
2014-09-03,15728 ,262 ,949 ,9855 ,2001 
2014-09-04,15676 ,263 ,950 ,9860 ,1998 
2014-09-05,15669 ,262 ,954 ,9825 ,2008 
2014-09-11,15909 ,260 ,954 ,9695 ,1997 
2014-09-12,15948 ,261 ,952 ,9590 ,1986 
2014-09-15,,261 ,941 ,9585 ,1984 
2014-09-16,15912 ,261 ,953 ,9605 ,1999 
2014-09-17,15889 ,264 ,955 ,9625 ,2002 
2014-09-18,16068 ,262 ,958 ,9515 ,2011 
2014-09-19,16321 ,262 ,963 ,9505 ,2010 
2014-09-22,16206 ,260 ,952 ,9400 ,1994 
2014-09-23,,258 ,953 ,9470 ,1983 
2014-09-24,16167 ,259 ,962 ,9490 ,1998 
2014-09-25,16374 ,258 ,960 ,9415 ,1966 
2014-09-26,16230 ,258 ,960 ,9450 ,1983 
2014-09-29,16311 ,258 ,944 ,9450 ,1978 
2014-09-30,16174 ,257 ,954 ,9455 ,1972 
2014-10-01,16082 ,253 ,944 ,9355 ,1946 
2014-10-02,15662 ,250 ,949 ,9450 ,1946 
2014-10-06,15891 ,249 ,943 ,9230 ,1965 
2014-10-07,15784 ,250 ,933 ,9320 ,1935 
2014-10-08,15596 ,248 ,938 ,9395 ,1969 
2014-10-10,15301 ,245 ,917 ,9455 ,1906 
2014-10-13,,244 ,879 ,9525 ,1875 
2014-10-14,14937 ,244 ,899 ,9540 ,1878 
2014-10-15,15074 ,244 ,897 ,9500 ,1862 
2014-10-16,14738 ,243 ,898 ,9625 ,1863 
2014-10-17,14533 ,240 ,902 ,9605 ,1887 
2014-10-20,15111 ,244 ,917 ,9585 ,1904 
2014-10-21,14804 ,241 ,919 ,9670 ,1941 
2014-10-22,15196 ,244 ,932 ,9660 ,1927 
2014-10-23,15139 ,243 ,934 ,9610 ,1951 
2014-10-24,15292 ,243 ,924 ,9535 ,1965 
2014-10-27,15389 ,244 ,923 ,9535 ,1962 
2014-10-28,15330 ,243 ,928 ,9500 ,1985 
2014-10-29,15554 ,249 ,925 ,9515 ,1982 
2014-10-30,15658 ,249 ,917 ,9385 ,1995 
2014-10-31,16414 ,250 ,920 ,9240 ,2018 
2014-11-03,,249 ,903 ,9075 ,2018 
2014-11-04,16862 ,247 ,888 ,9035 ,2012 
2014-11-05,16937 ,246 ,890 ,8965 ,2024 
2014-11-06,16792 ,247 ,874 ,8895 ,2031 
2014-11-07,16880 ,247 ,885 ,8765 ,2032 
2014-11-10,16781 ,251 ,886 ,9085 ,2038 
2014-11-11,17124 ,250 ,895 ,8950 ,2040 
2014-11-12,17197 ,251 ,893 ,9045 ,2038 
2014-11-13,17393 ,250 ,895 ,9000 ,2039 
2014-11-14,17491 ,248 ,883 ,8985 ,2040 
2014-11-17,16974 ,248 ,862 ,9220 ,2041 
2014-11-18,17344 ,251 ,871 ,9205 ,2052 
2014-11-19,17289 ,250 ,884 ,9240 ,2049 
2014-11-20,17301 ,249 ,884 ,9170 ,2053 
2014-11-21,17358 ,250 ,892 ,9225 ,2064 
2014-11-24,,252 ,893 ,9310 ,2069 
2014-11-25,17408 ,252 ,901 ,9270 ,2067 
2014-11-26,17384 ,252 ,902 ,9305 ,2073 
2014-11-27,17249 ,253 ,897 ,9215 ,
2014-11-28,17460 ,254 ,897 ,9235 ,2068 
2014-12-01,17590 ,252 ,891 ,8930 ,2053 
2014-12-02,17663 ,251 ,899 ,9310 ,2067 
2014-12-03,17720 ,252 ,905 ,9280 ,2074 
2014-12-04,17887 ,254 ,911 ,9350 ,2072 
2014-12-05,17920 ,254 ,913 ,9315 ,2075 
2014-12-08,17936 ,254 ,909 ,9220 ,2060 
2014-12-09,17813 ,253 ,900 ,9325 ,2060 
2014-12-10,17413 ,249 ,889 ,9540 ,2026 
2014-12-11,17257 ,246 ,880 ,9510 ,2035 
2014-12-12,17372 ,246 ,874 ,9490 ,2002 
2014-12-15,17099 ,246 ,883 ,9460 ,1990 
2014-12-16,16755 ,244 ,875 ,9280 ,1973 
2014-12-17,16820 ,244 ,875 ,9305 ,2013 
2014-12-18,17210 ,244 ,867 ,9310 ,2061 
2014-12-19,17621 ,248 ,880 ,9310 ,2071 
2014-12-22,17635 ,250 ,883 ,9310 ,2079 
2014-12-23,,249 ,880 ,9165 ,2082 
2014-12-24,17854 ,250 ,882 ,9160 ,2082 
2014-12-26,17819 ,250 ,876 ,9180 ,2089 
2014-12-29,17730 ,246 ,887 ,9270 ,2091 
2014-12-30,17451 ,244 ,894 ,9200 ,2080 
2015-01-02,,245 ,916 ,9180 ,2058 
2015-01-05,17409 ,244 ,929 ,9240 ,2021 
2015-01-06,16883 ,240 ,925 ,9340 ,2003 
2015-01-07,16885 ,241 ,930 ,9420 ,2026 
2015-01-08,17167 ,244 ,936 ,9375 ,2062 
2015-01-09,17198 ,246 ,946 ,9400 ,2045 
2015-01-12,,246 ,947 ,9505 ,2028 
2015-01-13,17088 ,246 ,941 ,9595 ,2023 
2015-01-14,16796 ,246 ,945 ,9540 ,2011 
2015-01-15,17109 ,246 ,960 ,9540 ,1993 
2015-01-16,16864 ,242 ,950 ,9770 ,2019 
2015-01-19,17014 ,245 ,948 ,9875 ,
2015-01-20,17366 ,247 ,954 ,9905 ,2023 
2015-01-21,17280 ,249 ,958 ,10105 ,2032 
2015-01-22,17329 ,248 ,945 ,10035 ,2063 
2015-01-23,17512 ,250 ,968 ,10065 ,2052 
2015-01-26,17469 ,250 ,967 ,10065 ,2057 
2015-01-27,17768 ,252 ,960 ,9900 ,2030 
2015-01-28,17796 ,252 ,973 ,10015 ,2002 
2015-01-29,17606 ,250 ,969 ,9920 ,2021 
2015-01-30,17674 ,250 ,966 ,9810 ,1995 
2015-02-02,17558 ,251 ,961 ,9930 ,2021 
2015-02-03,17336 ,250 ,969 ,9860 ,2050 
2015-02-04,17679 ,252 ,970 ,9790 ,2042 
2015-02-05,17505 ,250 ,974 ,9870 ,2063 
2015-02-06,17649 ,250 ,982 ,9870 ,2055 
2015-02-09,17712 ,249 ,963 ,9660 ,2047 
2015-02-10,17653 ,248 ,965 ,9655 ,2069 
2015-02-11,,248 ,981 ,9605 ,2069 
2015-02-12,17980 ,248 ,980 ,9500 ,2088 
2015-02-13,17913 ,250 ,996 ,9545 ,2097 
2015-02-16,18005 ,250 ,1004 ,9585 ,
2015-02-17,17987 ,250 ,1002 ,9655 ,2100 
2015-02-23,18467 ,251 ,1019 ,9370 ,2110 
2015-02-24,18603 ,251 ,1025 ,9350 ,2115 
2015-02-25,18585 ,253 ,1012 ,9420 ,2114 
2015-02-26,18786 ,253 ,1008 ,9405 ,2111 
2015-02-27,18798 ,251 ,1022 ,9420 ,2105 
2015-03-02,18827 ,254 ,1012 ,9460 ,2117 
2015-03-03,18815 ,255 ,1019 ,9390 ,2108 
2015-03-04,18704 ,254 ,1026 ,9380 ,2099 
2015-03-05,18752 ,254 ,1025 ,9360 ,2101 
2015-03-06,18971 ,256 ,1041 ,9320 ,2071 
2015-03-09,18791 ,253 ,1028 ,9115 ,2079 
2015-03-10,18665 ,252 ,1011 ,9040 ,2044 
2015-03-11,18724 ,252 ,1004 ,9045 ,2040 
2015-03-12,18991 ,250 ,1019 ,8965 ,2066 
2015-03-13,19254 ,252 ,1031 ,9010 ,2053 
2015-03-16,19246 ,252 ,1033 ,9025 ,2081 
2015-03-17,19437 ,258 ,1033 ,8930 ,2074 
2015-03-18,19544 ,258 ,1015 ,8915 ,2100 
2015-03-19,19477 ,259 ,1025 ,9100 ,2089 
2015-03-20,19560 ,259 ,1040 ,9085 ,2108 
2015-03-23,19754 ,259 ,1037 ,9165 ,2104 
2015-03-24,19713 ,259 ,1036 ,9195 ,2092 
2015-03-25,19746 ,259 ,1061 ,9205 ,2061 
2015-03-26,19471 ,256 ,1037 ,9260 ,2056 
2015-03-27,19286 ,256 ,1036 ,9290 ,2061 
2015-03-30,19411 ,256 ,1045 ,9215 ,2086 
2015-03-31,19207 ,257 ,1050 ,9170 ,2068 
2015-04-01,19035 ,255 ,1045 ,9175 ,2060 
2015-04-02,19313 ,255 ,1044 ,9290 ,2067 
2015-04-03,19435 ,257 ,1056 ,9280 ,
2015-04-06,19398 ,257 ,1059 ,9385 ,2081 
2015-04-07,19641 ,257 ,1065 ,9400 ,2076 
2015-04-08,19790 ,259 ,1063 ,9335 ,2082 
2015-04-09,19938 ,258 ,1078 ,9265 ,2091 
2015-04-10,19908 ,262 ,1083 ,9275 ,2102 
2015-04-13,19905 ,263 ,1103 ,9310 ,2092 
2015-04-14,19909 ,266 ,1104 ,9290 ,2096 
2015-04-15,19870 ,266 ,1119 ,9255 ,2107 
2015-04-16,19886 ,268 ,1122 ,9320 ,2105 
2015-04-17,19653 ,268 ,1135 ,9300 ,2081 
2015-04-20,19634 ,269 ,1135 ,9315 ,2100 
2015-04-21,19909 ,268 ,1144 ,9260 ,2097 
2015-04-22,20134 ,269 ,1129 ,9295 ,2108 
2015-04-23,20188 ,273 ,1109 ,9210 ,2113 
2015-04-24,20020 ,271 ,1101 ,9220 ,2118 
2015-04-27,19983 ,270 ,1112 ,9165 ,2109 
2015-04-28,20059 ,269 ,1112 ,9270 ,2115 
2015-04-29,,268 ,1109 ,9345 ,2107 
2015-04-30,19520 ,266 ,1104 ,9305 ,2086 
2015-05-04,,267 ,1086 ,9165 ,2114 
2015-05-06,,264 ,1065 ,9260 ,2080 
2015-05-07,19292 ,262 ,1077 ,9205 ,2088 
2015-05-08,19379 ,261 ,1088 ,9150 ,2116 
2015-05-11,19621 ,261 ,1103 ,9190 ,2105 
2015-05-12,19625 ,261 ,1087 ,9150 ,2099 
2015-05-13,19765 ,263 ,1095 ,9215 ,2098 
2015-05-14,19570 ,264 ,1111 ,9375 ,2121 
2015-05-15,19733 ,261 ,1127 ,9405 ,2123 
2015-05-18,19890 ,262 ,1132 ,9485 ,2129 
2015-05-19,20026 ,263 ,1134 ,9435 ,2128 
2015-05-20,20197 ,265 ,1152 ,9340 ,2126 
2015-05-21,20203 ,263 ,1153 ,9365 ,2131 
2015-05-22,20264 ,266 ,1145 ,9335 ,2126 
2015-05-26,20437 ,265 ,1131 ,9325 ,2104 
2015-05-27,20473 ,260 ,1115 ,9205 ,2123 
2015-05-28,20551 ,260 ,1130 ,9195 ,2121 
2015-05-29,20563 ,260 ,1130 ,9250 ,2107 
2015-06-01,20570 ,259 ,1139 ,9230 ,2112 
2015-06-02,20543 ,256 ,1119 ,9195 ,2110 
2015-06-03,20474 ,254 ,1101 ,9235 ,2114 
2015-06-04,20488 ,255 ,1123 ,9165 ,2096 
2015-06-05,20461 ,255 ,1137 ,9120 ,2093 
2015-06-08,20457 ,254 ,1154 ,9070 ,2079 
2015-06-09,20096 ,254 ,1159 ,9095 ,2080 
2015-06-10,20046 ,252 ,1146 ,9120 ,2105 
2015-06-11,20383 ,252 ,1145 ,9180 ,2109 
2015-06-12,20407 ,252 ,1142 ,9140 ,2094 
2015-06-15,20388 ,251 ,1134 ,9130 ,2084 
2015-06-16,20258 ,248 ,1140 ,9170 ,2096 
2015-06-17,20219 ,249 ,1166 ,9135 ,2100 
2015-06-18,19991 ,250 ,1183 ,9175 ,2121 
2015-06-19,20174 ,250 ,1188 ,9270 ,2110 
2015-06-22,20428 ,251 ,1193 ,9255 ,2123 
2015-06-23,20809 ,255 ,1195 ,9175 ,2124 
2015-06-24,20868 ,255 ,1206 ,9115 ,2109 
2015-06-25,20771 ,254 ,1218 ,9110 ,2102 
2015-06-26,20706 ,254 ,1213 ,9080 ,2101 
2015-06-29,20110 ,251 ,1188 ,9155 ,2058 
2015-06-30,20236 ,252 ,1199 ,9125 ,2063 
2015-07-01,20329 ,255 ,1237 ,9080 ,2077 
2015-07-02,20523 ,256 ,1252 ,9035 ,2077 
2015-07-03,20540 ,255 ,1252 ,9035 ,
2015-07-06,20112 ,248 ,1226 ,9030 ,2069 
2015-07-07,20377 ,248 ,1178 ,9030 ,2081 
2015-07-08,19738 ,245 ,1173 ,8930 ,2047 
2015-07-09,19856 ,247 ,1178 ,8965 ,2051 
2015-07-10,19780 ,247 ,1185 ,8980 ,2077 
2015-07-13,20090 ,250 ,1214 ,8975 ,2100 
2015-07-14,20385 ,249 ,1222 ,8940 ,2109 
2015-07-15,20463 ,250 ,1233 ,8930 ,2107 
2015-07-16,20600 ,251 ,1250 ,8875 ,2124 
2015-07-17,20651 ,250 ,1250 ,8850 ,2127 
2015-07-20,,249 ,1268 ,8545 ,2128 
2015-07-21,20842 ,250 ,1262 ,8515 ,2119 
2015-07-22,20594 ,248 ,1252 ,8425 ,2114 
2015-07-23,20684 ,247 ,1252 ,8480 ,2102 
2015-07-24,20545 ,245 ,1253 ,8375 ,2080 
2015-07-27,20350 ,245 ,1206 ,8480 ,2068 
2015-07-28,20329 ,245 ,1200 ,8475 ,2093 
2015-07-29,20303 ,246 ,1171 ,8470 ,2109 
2015-07-30,20523 ,244 ,1139 ,8440 ,2109 
2015-07-31,20585 ,244 ,1163 ,8375 ,2104 
2015-08-03,20548 ,241 ,1140 ,8440 ,2098 
2015-08-04,20520 ,244 ,1170 ,8370 ,2093 
2015-08-05,20614 ,243 ,1189 ,8390 ,2100 
2015-08-06,20664 ,240 ,1204 ,8380 ,2084 
2015-08-07,20725 ,240 ,1210 ,8390 ,2078 
2015-08-10,20809 ,239 ,1206 ,8460 ,2104 
2015-08-11,20721 ,238 ,1178 ,8495 ,2084 
2015-08-12,20393 ,237 ,1160 ,8560 ,2086 
2015-08-13,20596 ,237 ,1180 ,8650 ,2083 
2015-08-17,20620 ,235 ,1169 ,8630 ,2102 
2015-08-18,20554 ,235 ,1135 ,8630 ,2097 
2015-08-19,20223 ,234 ,1088 ,8625 ,2080 
2015-08-20,20034 ,232 ,1063 ,8790 ,2036 
2015-08-21,19436 ,227 ,1024 ,8980 ,1971 
2015-08-24,18541 ,222 ,1001 ,8940 ,1893 
2015-08-25,17807 ,223 ,1060 ,8885 ,1868 
2015-08-26,18377 ,228 ,1092 ,8755 ,1941 
2015-08-27,18574 ,229 ,1097 ,8680 ,1988 
2015-08-28,19136 ,232 ,1119 ,8720 ,1989 
2015-08-31,18890 ,233 ,1115 ,8765 ,1972 
2015-09-01,18166 ,230 ,1087 ,8810 ,1914 
2015-09-02,18095 ,230 ,1092 ,8810 ,1949 
2015-09-03,18182 ,230 ,1087 ,8735 ,1951 
2015-09-04,17792 ,228 ,1035 ,8675 ,1921 
2015-09-07,17860 ,227 ,1035 ,8680 ,
2015-09-08,17427 ,228 ,1016 ,8640 ,1969 
2015-09-09,18771 ,234 ,1058 ,8675 ,1942 
2015-09-10,18300 ,237 ,1071 ,8560 ,1952 
2015-09-11,18264 ,234 ,1079 ,8590 ,1961 
2015-09-14,17966 ,233 ,1063 ,8560 ,1953 
2015-09-15,18026 ,234 ,1069 ,8565 ,1978 
2015-09-16,18172 ,239 ,1085 ,8545 ,1995 
2015-09-17,18432 ,239 ,1075 ,8660 ,1990 
2015-09-18,18070 ,241 ,1111 ,8720 ,1958 
2015-09-21,,237 ,1104 ,8805 ,1967 
2015-09-22,,239 ,1107 ,8755 ,1943 
2015-09-23,,234 ,1081 ,8705 ,1939 
2015-09-24,17572 ,234 ,1085 ,8765 ,1932 
2015-09-25,17881 ,234 ,1078 ,8850 ,1931 
2015-09-30,17388 ,237 ,1068 ,8740 ,1920 
2015-10-01,17722 ,239 ,1079 ,8615 ,1924 
2015-10-02,17725 ,237 ,1080 ,8600 ,1951 
2015-10-05,18005 ,238 ,1088 ,8755 ,1987 
2015-10-06,18186 ,240 ,1085 ,8775 ,1980 
2015-10-07,18323 ,244 ,1062 ,8880 ,1996 
2015-10-08,18141 ,246 ,1051 ,8835 ,2013 
2015-10-12,,246 ,1047 ,9000 ,2017 
2015-10-13,18235 ,246 ,1049 ,8920 ,2004 
2015-10-14,17891 ,245 ,1040 ,9055 ,1994 
2015-10-15,18097 ,248 ,1048 ,9150 ,2024 
2015-10-16,18292 ,247 ,1060 ,9100 ,2033 
2015-10-19,18131 ,247 ,1065 ,9055 ,2034 
2015-10-20,18207 ,249 ,1076 ,9015 ,2031 
2015-10-21,18554 ,249 ,1064 ,9070 ,2019 
2015-10-22,18436 ,247 ,1047 ,9010 ,2053 
2015-10-23,18825 ,249 ,1060 ,9035 ,2075 
2015-10-26,18947 ,250 ,1077 ,9000 ,2071 
2015-10-27,18777 ,250 ,1071 ,9000 ,2066 
2015-10-28,18903 ,250 ,1087 ,9030 ,2090 
2015-10-29,18936 ,249 ,1081 ,8965 ,2089 
2015-10-30,19083 ,249 ,1070 ,8905 ,2079 
2015-11-02,18683 ,251 ,1066 ,8815 ,2104 
2015-11-03,,252 ,1070 ,8785 ,2110 
2015-11-04,18927 ,252 ,1078 ,8655 ,2102 
2015-11-05,19116 ,252 ,1091 ,8565 ,2100 
2015-11-06,19266 ,250 ,1101 ,8570 ,2099 
2015-11-09,19643 ,249 ,1066 ,8445 ,2079 
2015-11-10,19671 ,246 ,1036 ,8435 ,2082 
2015-11-11,19691 ,246 ,1057 ,8440 ,2075 
2015-11-12,19698 ,245 ,1070 ,8400 ,2046 
2015-11-13,19597 ,243 ,1069 ,8365 ,2023 
2015-11-16,19394 ,239 ,1057 ,8460 ,2053 
2015-11-17,19631 ,241 ,1077 ,8325 ,2050 
2015-11-18,19649 ,241 ,1075 ,8245 ,2084 
2015-11-19,19860 ,245 ,1092 ,8310 ,2081 
2015-11-20,19880 ,245 ,1098 ,8365 ,2089 
2015-11-23,,246 ,1105 ,8255 ,2087 
2015-11-24,19925 ,248 ,1100 ,8265 ,2089 
2015-11-25,19848 ,247 ,1101 ,8325 ,2089 
2015-11-26,19944 ,249 ,1108 ,8270 ,
2015-11-27,19884 ,249 ,1110 ,8240 ,2090 
2015-11-30,19747 ,244 ,1102 ,8150 ,2080 
2015-12-01,20012 ,249 ,1116 ,8255 ,2103 
2015-12-02,19938 ,247 ,1113 ,8240 ,2080 
2015-12-03,19940 ,245 ,1113 ,8120 ,2050 
2015-12-04,19504 ,242 ,1101 ,8180 ,2092 
2015-12-07,19698 ,241 ,1093 ,8350 ,2077 
2015-12-08,19493 ,239 ,1065 ,8270 ,2064 
2015-12-09,19301 ,239 ,1059 ,8295 ,2048 
2015-12-10,19047 ,241 ,1048 ,8280 ,2052 
2015-12-11,19230 ,240 ,1033 ,8245 ,2012 
2015-12-14,18883 ,238 ,998 ,8280 ,2022 
2015-12-15,18566 ,239 ,1015 ,8200 ,2043 
2015-12-16,19050 ,243 ,1025 ,8215 ,2073 
2015-12-17,19354 ,244 ,1040 ,8225 ,2042 
2015-12-18,18987 ,243 ,1057 ,8145 ,2006 
2015-12-21,18916 ,244 ,1058 ,8230 ,2021 
2015-12-22,18887 ,245 ,1051 ,8300 ,2039 
2015-12-23,,247 ,1041 ,8295 ,2064 
2015-12-24,18790 ,245 ,1032 ,8280 ,2061 
2015-12-28,18873 ,242 ,1028 ,8270 ,2057 
2015-12-29,18982 ,241 ,1081 ,8260 ,2078 
2015-12-30,19034 ,240 ,1095 ,8250 ,2063 
2016-01-04,18451 ,235 ,1088 ,8220 ,2013 
2016-01-05,18374 ,236 ,1099 ,8305 ,2017 
2016-01-06,18191 ,235 ,1110 ,8305 ,1990 
2016-01-07,17767 ,232 ,1099 ,8455 ,1943 
2016-01-08,17698 ,234 ,1110 ,8510 ,1922 
2016-01-11,,231 ,1099 ,8515 ,1924 
2016-01-12,17219 ,231 ,1090 ,8450 ,1939 
2016-01-13,17716 ,234 ,1120 ,8365 ,1890 
2016-01-14,17241 ,231 ,1115 ,8425 ,1922 
2016-01-15,17147 ,229 ,1098 ,8350 ,1880 
2016-01-18,16956 ,229 ,1127 ,8415 ,
2016-01-19,17048 ,230 ,1126 ,8405 ,1881 
2016-01-20,16416 ,225 ,1115 ,8415 ,1859 
2016-01-21,16017 ,224 ,1110 ,8495 ,1869 
2016-01-22,16959 ,229 ,1115 ,8480 ,1907 
2016-01-25,17111 ,230 ,1132 ,8505 ,1877 
2016-01-26,16709 ,227 ,1129 ,8590 ,1904 
2016-01-27,17164 ,231 ,1115 ,8650 ,1883 
2016-01-28,17041 ,232 ,1125 ,8645 ,1893 
2016-01-29,17518 ,232 ,1128 ,8610 ,1940 
2016-02-01,17865 ,234 ,1140 ,8650 ,1939 
2016-02-02,17751 ,231 ,1141 ,8680 ,1903 
2016-02-03,17191 ,229 ,1135 ,8710 ,1913 
2016-02-04,17045 ,233 ,1134 ,8815 ,1915 
2016-02-05,16820 ,233 ,1125 ,8905 ,1880 
2016-02-11,,227 ,1063 ,9305 ,1829 
2016-02-12,14953 ,225 ,987 ,9560 ,1865 
2016-02-15,16023 ,228 ,1004 ,9420 ,
2016-02-16,16054 ,232 ,1028 ,9230 ,1896 
2016-02-17,15836 ,232 ,997 ,9305 ,1927 
2016-02-18,16197 ,235 ,1028 ,9330 ,1918 
2016-02-19,15967 ,235 ,1037 ,9465 ,1918 
2016-02-22,16111 ,235 ,1046 ,9400 ,1946 
2016-02-23,16052 ,235 ,1031 ,9405 ,1921 
2016-02-24,15916 ,235 ,1031 ,9480 ,1930 
2016-02-25,16140 ,235 ,1038 ,9550 ,1952 
2016-02-26,16188 ,235 ,1041 ,9575 ,1948 
2016-02-29,16027 ,235 ,1046 ,9495 ,1932 
2016-03-02,16747 ,239 ,1070 ,9470 ,1986 
2016-03-03,16960 ,240 ,1085 ,9570 ,1993 
2016-03-04,17015 ,240 ,1086 ,9745 ,2000 
2016-03-07,16911 ,240 ,1080 ,9725 ,2002 
2016-03-08,16783 ,238 ,1080 ,9790 ,1979 
2016-03-09,16642 ,239 ,1085 ,9685 ,1989 
2016-03-10,16852 ,241 ,1104 ,9640 ,1990 
2016-03-11,16939 ,242 ,1096 ,9835 ,2022 
2016-03-14,17234 ,242 ,1090 ,9680 ,2020 
2016-03-15,17117 ,242 ,1085 ,9460 ,2016 
2016-03-16,16974 ,242 ,1088 ,9500 ,2027 
2016-03-17,16936 ,244 ,1090 ,9720 ,2041 
2016-03-18,16725 ,245 ,1098 ,9790 ,2050 
2016-03-21,,244 ,1089 ,9600 ,2052 
2016-03-22,17049 ,245 ,1090 ,9620 ,2050 
2016-03-23,17001 ,245 ,1084 ,9520 ,2037 
2016-03-24,16892 ,244 ,1076 ,9395 ,2036 
2016-03-25,17003 ,244 ,1070 ,9535 ,
2016-03-28,17134 ,244 ,1060 ,9385 ,2037 
2016-03-29,17104 ,246 ,1073 ,9405 ,2055 
2016-03-30,16879 ,247 ,1074 ,9545 ,2064 
2016-03-31,16759 ,246 ,1074 ,9490 ,2060 
2016-04-01,16164 ,242 ,1085 ,9505 ,2073 
2016-04-04,16123 ,243 ,1096 ,9380 ,2066 
2016-04-05,15733 ,241 ,1093 ,9450 ,2045 
2016-04-06,15715 ,242 ,1082 ,9485 ,2067 
2016-04-07,15750 ,242 ,1095 ,9490 ,2042 
2016-04-08,15822 ,242 ,1091 ,9530 ,2048 
2016-04-11,15751 ,242 ,1077 ,9625 ,2042 
2016-04-12,15929 ,244 ,1076 ,9670 ,2062 
2016-04-14,16911 ,249 ,1075 ,9535 ,2083 
2016-04-15,16848 ,249 ,1075 ,9495 ,2081 
2016-04-18,16276 ,248 ,1074 ,9510 ,2094 
2016-04-19,16874 ,248 ,1083 ,9520 ,2101 
2016-04-20,16907 ,247 ,1078 ,9615 ,2102 
2016-04-21,17364 ,249 ,1079 ,9670 ,2091 
2016-04-22,17572 ,248 ,1076 ,9615 ,2092 
2016-04-25,17439 ,248 ,1080 ,9535 ,2088 
2016-04-26,17353 ,249 ,1078 ,9535 ,2092 
2016-04-27,17290 ,249 ,1071 ,9580 ,2095 
2016-04-28,16666 ,246 ,1064 ,9650 ,2076 
2016-04-29,,245 ,1065 ,9820 ,2065 
2016-05-02,16147 ,243 ,1046 ,9970 ,2081 
2016-05-03,,244 ,1062 ,9930 ,2063 
2016-05-04,,243 ,1057 ,9860 ,2051 
2016-05-09,16216 ,242 ,1052 ,9855 ,2059 
2016-05-10,16565 ,244 ,1065 ,9750 ,2084 
2016-05-11,16579 ,243 ,1070 ,9790 ,2064 
2016-05-12,16646 ,242 ,1073 ,9800 ,2064 
2016-05-13,16412 ,241 ,1070 ,9820 ,2047 
2016-05-16,16466 ,241 ,1066 ,9835 ,2067 
2016-05-17,16653 ,241 ,1056 ,9855 ,2047 
2016-05-18,16645 ,240 ,1035 ,9800 ,2048 
2016-05-19,16647 ,239 ,1026 ,9670 ,2040 
2016-05-20,16736 ,239 ,1041 ,9650 ,2052 
2016-05-23,16655 ,240 ,1049 ,9630 ,2048 
2016-05-24,16499 ,238 ,1044 ,9600 ,2076 
2016-05-25,16757 ,241 ,1052 ,9450 ,2091 
2016-05-26,16772 ,241 ,1042 ,9485 ,2090 
2016-05-27,16835 ,242 ,1048 ,9405 ,2099 
2016-05-30,17068 ,242 ,1056 ,9260 ,
2016-05-31,17235 ,244 ,1069 ,9325 ,2097 
2016-06-01,16956 ,244 ,1068 ,9360 ,2099 
2016-06-02,16563 ,244 ,1067 ,9345 ,2105 
2016-06-03,16642 ,244 ,1067 ,9315 ,2099 
2016-06-07,16675 ,248 ,1073 ,9560 ,2112 
2016-06-08,16831 ,250 ,1075 ,9610 ,2119 
2016-06-09,16668 ,250 ,1083 ,9700 ,2115 
2016-06-10,16601 ,249 ,1081 ,9755 ,2096 
2016-06-13,16019 ,244 ,1059 ,9865 ,2079 
2016-06-14,15859 ,243 ,1055 ,9835 ,2075 
2016-06-15,15920 ,243 ,1057 ,9915 ,2072 
2016-06-16,15434 ,242 ,1036 ,10020 ,2078 
2016-06-17,15600 ,242 ,1032 ,9900 ,2071 
2016-06-20,15965 ,245 ,1046 ,9860 ,2083 
2016-06-21,16169 ,245 ,1047 ,9895 ,2089 
2016-06-22,16066 ,247 ,1044 ,9710 ,2085 
2016-06-23,16238 ,246 ,1033 ,9745 ,2113 
2016-06-24,14952 ,239 ,987 ,10190 ,2037 
2016-06-27,15309 ,239 ,990 ,10260 ,2001 
2016-06-28,15323 ,240 ,1006 ,10165 ,2036 
2016-06-29,15567 ,242 ,1023 ,10185 ,2071 
2016-06-30,15576 ,244 ,1033 ,10125 ,2099 
2016-07-01,15682 ,247 ,1048 ,10280 ,2103 
2016-07-04,15776 ,248 ,1053 ,10380 ,
2016-07-05,15669 ,247 ,1061 ,10365 ,2089 
2016-07-06,15379 ,242 ,1046 ,10560 ,2100 
2016-07-07,15276 ,245 ,1064 ,10555 ,2098 
2016-07-08,15107 ,243 ,1055 ,10470 ,2130 
2016-07-11,15709 ,247 ,1060 ,10500 ,2137 
2016-07-12,16096 ,247 ,1061 ,10425 ,2152 
2016-07-13,16231 ,249 ,1064 ,10320 ,2152 
2016-07-14,16386 ,250 ,1062 ,10275 ,2164 
2016-07-15,16498 ,251 ,1057 ,10280 ,2162 
2016-07-18,,252 ,1054 ,10230 ,2167 
2016-07-19,16723 ,251 ,1056 ,10235 ,2164 
2016-07-20,16682 ,251 ,1063 ,10210 ,2173 
2016-07-21,16810 ,250 ,1070 ,10120 ,2165 
2016-07-22,16627 ,250 ,1065 ,10200 ,2175 
2016-07-25,16620 ,251 ,1059 ,10125 ,2168 
2016-07-26,16383 ,253 ,1060 ,10135 ,2169 
2016-07-27,16665 ,253 ,1051 ,10125 ,2167 
2016-07-28,16477 ,252 ,1053 ,10295 ,2170 
2016-07-29,16569 ,251 ,1058 ,10290 ,2174 
2016-08-01,16636 ,254 ,1048 ,10340 ,2171 
2016-08-02,16391 ,252 ,1043 ,10395 ,2157 
2016-08-03,16083 ,249 ,1040 ,10495 ,2164 
2016-08-04,16255 ,249 ,1045 ,10365 ,2164 
2016-08-05,16254 ,252 ,1033 ,10480 ,2183 
2016-08-08,16651 ,254 ,1038 ,10265 ,2181 
2016-08-09,16765 ,256 ,1049 ,10205 ,2182 
2016-08-10,16735 ,255 ,1066 ,10390 ,2175 
2016-08-11,,256 ,1060 ,10295 ,2186 
2016-08-12,16920 ,256 ,1060 ,10280 ,2184 
2016-08-16,16597 ,256 ,1052 ,10360 ,2178 
2016-08-17,16746 ,256 ,1045 ,10300 ,2182 
2016-08-18,16486 ,258 ,1051 ,10365 ,2187 
2016-08-19,16546 ,259 ,1048 ,10365 ,2184 
2016-08-22,16598 ,257 ,1033 ,10225 ,2183 
2016-08-23,16497 ,258 ,1031 ,10260 ,2187 
2016-08-24,16597 ,257 ,1033 ,10235 ,2175 
2016-08-25,16556 ,257 ,1026 ,10150 ,2172 
2016-08-26,16361 ,256 ,1022 ,10125 ,2169 
2016-08-29,16737 ,256 ,999 ,10095 ,2180 
2016-08-30,16725 ,257 ,1002 ,10105 ,2176 
2016-08-31,16887 ,257 ,998 ,10050 ,2171 
2016-09-01,16927 ,256 ,1014 ,10040 ,2171 
2016-09-02,16926 ,257 ,1019 ,10030 ,2180 
2016-09-05,17038 ,260 ,1022 ,10165 ,
2016-09-06,17082 ,261 ,1021 ,10165 ,2186 
2016-09-07,17012 ,260 ,1011 ,10355 ,2186 
2016-09-08,16959 ,261 ,1013 ,10330 ,2181 
2016-09-09,16966 ,257 ,1009 ,10250 ,2128 
2016-09-12,16673 ,251 ,987 ,10160 ,2159 
2016-09-13,16729 ,252 ,994 ,10170 ,2127 
2016-09-19,,254 ,999 ,10090 ,2139 
2016-09-20,16492 ,255 ,1011 ,10095 ,2140 
2016-09-21,16808 ,257 ,1017 ,10100 ,2163 
2016-09-22,,258 ,1027 ,10235 ,2177 
2016-09-23,16754 ,258 ,1032 ,10230 ,2165 
2016-09-26,16545 ,257 ,1028 ,10230 ,2146 
2016-09-27,16684 ,260 ,1030 ,10240 ,2160 
2016-09-28,16465 ,258 ,1024 ,10165 ,2171 
2016-09-29,16694 ,260 ,1027 ,10145 ,2151 
2016-09-30,16450 ,257 ,1010 ,10175 ,2168 
2016-10-04,16736 ,259 ,1015 ,10025 ,2150 
2016-10-05,16819 ,259 ,1013 ,9725 ,2160 
2016-10-06,16899 ,261 ,1007 ,9705 ,2161 
2016-10-07,16860 ,260 ,994 ,9595 ,2154 
2016-10-10,,260 ,993 ,9685 ,2164 
2016-10-11,17025 ,256 ,987 ,9630 ,2137 
2016-10-12,16840 ,256 ,985 ,9600 ,2139 
2016-10-13,16774 ,254 ,975 ,9660 ,2133 
2016-10-14,16856 ,255 ,978 ,9595 ,2133 
2016-10-17,16900 ,256 ,968 ,9590 ,2127 
2016-10-18,16964 ,258 ,975 ,9615 ,2140 
2016-10-19,16999 ,258 ,978 ,9650 ,2144 
2016-10-20,17236 ,258 ,971 ,9730 ,2141 
2016-10-21,17185 ,257 ,964 ,9680 ,2141 
2016-10-24,17234 ,259 ,956 ,9670 ,2151 
2016-10-25,17365 ,259 ,947 ,9695 ,2143 
2016-10-26,17392 ,256 ,949 ,9755 ,2139 
2016-10-27,17336 ,257 ,971 ,9700 ,2133 
2016-10-28,17446 ,257 ,956 ,9700 ,2126 
2016-10-31,17425 ,256 ,940 ,9790 ,2126 
2016-11-01,17442 ,256 ,942 ,9780 ,2112 
2016-11-02,17135 ,253 ,920 ,9905 ,2098 
2016-11-03,,253 ,925 ,9960 ,2089 
2016-11-04,16905 ,253 ,923 ,9925 ,2085 
2016-11-07,17177 ,255 ,938 ,9855 ,2132 
2016-11-08,17171 ,255 ,942 ,9800 ,2140 
2016-11-09,16252 ,250 ,908 ,10085 ,2163 
2016-11-10,17344 ,255 ,946 ,9855 ,2167 
2016-11-11,17375 ,252 ,936 ,9670 ,2164 
2016-11-14,17673 ,250 ,929 ,9325 ,2164 
2016-11-15,17668 ,249 ,920 ,9390 ,2180 
2016-11-16,17862 ,250 ,939 ,9430 ,2177 
2016-11-17,17863 ,250 ,936 ,9380 ,2187 
2016-11-18,17967 ,250 ,923 ,9200 ,2182 
2016-11-21,18106 ,250 ,907 ,9280 ,2198 
2016-11-22,18163 ,252 ,911 ,9320 ,2203 
2016-11-23,,254 ,900 ,9255 ,2205 
2016-11-24,18333 ,252 ,890 ,9040 ,
2016-11-25,18381 ,252 ,896 ,9025 ,2213 
2016-11-28,18357 ,253 ,887 ,9095 ,2202 
2016-11-29,18307 ,253 ,892 ,9110 ,2205 
2016-11-30,18308 ,254 ,892 ,9075 ,2199 
2016-12-01,18513 ,254 ,887 ,8990 ,2191 
2016-12-02,18426 ,253 ,873 ,8965 ,2192 
2016-12-05,18275 ,252 ,858 ,8995 ,2205 
2016-12-06,18361 ,256 ,866 ,8930 ,2212 
2016-12-07,18497 ,256 ,861 ,8935 ,2241 
2016-12-08,18765 ,262 ,869 ,8990 ,2246 
2016-12-09,18996 ,261 ,887 ,8920 ,2260 
2016-12-12,19155 ,261 ,898 ,8835 ,2257 
2016-12-13,19251 ,262 ,909 ,8870 ,2272 
2016-12-14,19254 ,262 ,910 ,8865 ,2253 
2016-12-15,19274 ,261 ,920 ,8730 ,2262 
2016-12-16,19401 ,263 ,923 ,8650 ,2258 
2016-12-19,19392 ,262 ,920 ,8715 ,2263 
2016-12-20,19495 ,263 ,908 ,8680 ,2271 
2016-12-21,19444 ,262 ,906 ,8685 ,2265 
2016-12-22,19428 ,262 ,900 ,8630 ,2261 
2016-12-23,,262 ,909 ,8640 ,2264 
2016-12-26,19397 ,262 ,906 ,8825 ,
2016-12-27,19403 ,262 ,911 ,8720 ,2269 
2016-12-28,19402 ,260 ,931 ,8735 ,2250 
2016-12-29,19145 ,260 ,936 ,8780 ,2249 
2017-01-02,,260 ,933 ,8900 ,
2017-01-03,,263 ,938 ,8845 ,2258 
2017-01-04,19594 ,263 ,945 ,8890 ,2271 
2017-01-05,19521 ,262 ,947 ,8990 ,2269 
2017-01-06,19454 ,263 ,948 ,8990 ,2277 
2017-01-09,,264 ,945 ,8965 ,2269 
2017-01-10,19301 ,264 ,934 ,9060 ,2269 
2017-01-11,19365 ,268 ,934 ,9075 ,2275 
2017-01-12,19135 ,270 ,926 ,9140 ,2270 
2017-01-13,19287 ,268 ,932 ,9090 ,2275 
2017-01-16,19095 ,266 ,925 ,9140 ,
2017-01-17,18814 ,267 ,917 ,9220 ,2268 
2017-01-18,18894 ,267 ,923 ,9250 ,2272 
2017-01-19,19072 ,268 ,921 ,9165 ,2264 
2017-01-20,19138 ,267 ,915 ,9205 ,2271 
2017-01-23,18891 ,267 ,908 ,9280 ,2265 
2017-01-24,18788 ,267 ,903 ,9270 ,2280 
2017-01-25,19058 ,268 ,898 ,9150 ,2298 
2017-01-26,19402 ,270 ,907 ,9090 ,2297 
2017-01-31,19041 ,268 ,905 ,9170 ,2279 
2017-02-01,19148 ,270 ,918 ,9180 ,2280 
2017-02-02,18915 ,268 ,908 ,9260 ,2281 
2017-02-03,18918 ,269 ,906 ,9260 ,2297 
2017-02-06,18977 ,269 ,908 ,9325 ,2293 
2017-02-07,18911 ,269 ,904 ,9380 ,2293 
2017-02-08,19008 ,268 ,905 ,9400 ,2295 
2017-02-09,18908 ,268 ,906 ,9450 ,2308 
2017-02-10,19379 ,269 ,908 ,9320 ,2316 
2017-02-13,19459 ,269 ,911 ,9370 ,2328 
2017-02-14,19239 ,268 ,910 ,9335 ,2338 
2017-02-15,19438 ,269 ,919 ,9305 ,2349 
2017-02-16,19348 ,269 ,918 ,9385 ,2347 
2017-02-17,19235 ,269 ,922 ,9385 ,2351 
2017-02-20,19251 ,270 ,924 ,9380 ,
2017-02-21,19381 ,272 ,928 ,9385 ,2365 
2017-02-22,19380 ,273 ,925 ,9365 ,2363 
2017-02-23,19371 ,273 ,922 ,9395 ,2364 
2017-02-24,19284 ,270 ,922 ,9500 ,2367 
2017-02-27,19107 ,269 ,916 ,9550 ,2370 
2017-02-28,19119 ,270 ,917 ,9510 ,2364 
2017-03-02,19565 ,273 ,911 ,9460 ,2382 
2017-03-03,19469 ,270 ,901 ,9345 ,2383 
2017-03-06,19379 ,270 ,903 ,9335 ,2375 
2017-03-07,19344 ,272 ,906 ,9295 ,2368 
2017-03-08,19254 ,272 ,902 ,9245 ,2363 
2017-03-09,19319 ,272 ,903 ,9150 ,2365 
2017-03-10,19605 ,272 ,913 ,9115 ,2373 
2017-03-13,19634 ,275 ,914 ,9185 ,2373 
2017-03-14,19610 ,278 ,908 ,9145 ,2365 
2017-03-15,19577 ,278 ,896 ,9155 ,2385 
2017-03-16,19590 ,280 ,905 ,9310 ,2381 
2017-03-17,19522 ,282 ,900 ,9345 ,2378 
2017-03-20,,281 ,896 ,9380 ,2373 
2017-03-21,19456 ,284 ,900 ,9330 ,2344 
2017-03-22,19041 ,283 ,898 ,9420 ,2348 
2017-03-23,19085 ,283 ,896 ,9445 ,2346 
2017-03-24,19263 ,282 ,900 ,9430 ,2344 
2017-03-27,18986 ,280 ,902 ,9560 ,2342 
2017-03-28,19203 ,281 ,909 ,9490 ,2359 
2017-03-29,19217 ,282 ,911 ,9465 ,2361 
2017-03-30,19063 ,282 ,913 ,9470 ,2368 
2017-03-31,18909 ,281 ,921 ,9390 ,2363 
2017-04-03,18983 ,282 ,936 ,9435 ,2359 
2017-04-04,18810 ,281 ,935 ,9530 ,2360 
2017-04-05,18861 ,281 ,940 ,9525 ,2353 
2017-04-06,18597 ,279 ,943 ,9475 ,2357 
2017-04-07,18665 ,279 ,947 ,9565 ,2356 
2017-04-10,18798 ,277 ,924 ,9500 ,2357 
2017-04-11,18748 ,275 ,931 ,9530 ,2354 
2017-04-12,18553 ,276 ,930 ,9645 ,2345 
2017-04-13,18427 ,279 ,932 ,9735 ,2329 
2017-04-14,18336 ,277 ,925 ,9700 ,
2017-04-17,18355 ,278 ,944 ,9770 ,2349 
2017-04-18,18419 ,278 ,950 ,9715 ,2342 
2017-04-19,18432 ,276 ,952 ,9735 ,2338 
2017-04-20,18430 ,278 ,954 ,9700 ,2356 
2017-04-21,18621 ,280 ,951 ,9695 ,2349 
2017-04-24,18876 ,282 ,938 ,9625 ,2374 
2017-04-25,19079 ,285 ,948 ,9620 ,2389 
2017-04-26,19289 ,287 ,952 ,9570 ,2387 
2017-04-27,19252 ,287 ,945 ,9585 ,2389 
2017-04-28,19197 ,287 ,940 ,9620 ,2384 
2017-05-02,19446 ,290 ,940 ,9500 ,2391 
2017-05-04,,292 ,956 ,9370 ,2390 
2017-05-08,19896 ,300 ,976 ,9315 ,2399 
2017-05-10,19900 ,296 ,974 ,9275 ,2400 
2017-05-11,19962 ,300 ,982 ,9275 ,2394 
2017-05-12,19884 ,298 ,974 ,9315 ,2391 
2017-05-15,19870 ,299 ,979 ,9345 ,2402 
2017-05-16,19920 ,300 ,969 ,9365 ,2401 
2017-05-17,19815 ,299 ,970 ,9425 ,2357 
2017-05-18,19554 ,298 ,965 ,9520 ,2366 
2017-05-19,19591 ,298 ,969 ,9475 ,2382 
2017-05-22,19678 ,301 ,968 ,9500 ,2394 
2017-05-23,19613 ,301 ,972 ,9530 ,2398 
2017-05-24,19743 ,302 ,979 ,9470 ,2404 
2017-05-25,19813 ,305 ,973 ,9505 ,2415 
2017-05-26,19687 ,307 ,977 ,9485 ,2416 
2017-05-29,19683 ,307 ,971 ,9585 ,
2017-05-30,19678 ,305 ,981 ,9595 ,2413 
2017-05-31,19651 ,305 ,988 ,9565 ,2412 
2017-06-01,19860 ,304 ,990 ,9595 ,2430 
2017-06-02,20177 ,308 ,999 ,9510 ,2439 
2017-06-05,20171 ,307 ,1010 ,9695 ,2436 
2017-06-07,19985 ,306 ,1018 ,9750 ,2433 
2017-06-08,19909 ,306 ,1025 ,9735 ,2434 
2017-06-09,20013 ,309 ,1031 ,9625 ,2432 
2017-06-12,19909 ,306 ,1011 ,9605 ,2429 
2017-06-13,19899 ,308 ,1020 ,9585 ,2440 
2017-06-14,19884 ,308 ,1025 ,9615 ,2438 
2017-06-15,19832 ,307 ,1022 ,9560 ,2432 
2017-06-16,19943 ,307 ,1022 ,9495 ,2433 
2017-06-19,20068 ,309 ,1036 ,9480 ,2453 
2017-06-20,20230 ,309 ,1030 ,9445 ,2437 
2017-06-21,20139 ,308 ,1024 ,9440 ,2436 
2017-06-22,20111 ,309 ,1019 ,9445 ,2435 
2017-06-23,20133 ,310 ,1027 ,9490 ,2438 
2017-06-26,20153 ,312 ,1028 ,9500 ,2439 
2017-06-27,20225 ,312 ,1036 ,9480 ,2419 
2017-06-28,20130 ,311 ,1024 ,9470 ,2441 
2017-06-29,20220 ,313 ,1027 ,9465 ,2420 
2017-06-30,20033 ,312 ,1032 ,9410 ,2423 
2017-07-03,20056 ,312 ,1017 ,9345 ,2429 
2017-07-04,20032 ,310 ,1012 ,9270 ,
2017-07-05,20082 ,312 ,1017 ,9280 ,2433 
2017-07-06,19994 ,312 ,1024 ,9275 ,2410 
2017-07-07,19929 ,311 ,1028 ,9240 ,2425 
2017-07-10,20081 ,311 ,1017 ,9120 ,2427 
2017-07-11,20195 ,314 ,1010 ,9160 ,2426 
2017-07-12,20098 ,314 ,997 ,9225 ,2443 
2017-07-13,20100 ,316 ,1001 ,9240 ,2448 
2017-07-14,20119 ,317 ,1006 ,9210 ,2459 
2017-07-17,,319 ,1016 ,9295 ,2459 
2017-07-18,20000 ,319 ,1020 ,9345 ,2461 
2017-07-19,20021 ,319 ,1035 ,9365 ,2474 
2017-07-20,20145 ,321 ,1045 ,9345 ,2473 
2017-07-21,20100 ,322 ,1039 ,9400 ,2473 
2017-07-24,19976 ,322 ,1039 ,9455 ,2470 
2017-07-25,19955 ,320 ,1027 ,9465 ,2477 
2017-07-26,20050 ,319 ,1031 ,9405 ,2478 
2017-07-27,20080 ,321 ,1031 ,9530 ,2475 
2017-07-28,19960 ,314 ,1010 ,9505 ,2472 
2017-07-31,19925 ,315 ,1009 ,9565 ,2470 
2017-08-01,19986 ,317 ,1008 ,9545 ,2476 
2017-08-02,20080 ,318 ,1014 ,9530 ,2478 
2017-08-03,20029 ,312 ,987 ,9495 ,2472 
2017-08-04,19952 ,313 ,983 ,9565 ,2477 
2017-08-07,20056 ,314 ,1000 ,9500 ,2481 
2017-08-08,19996 ,313 ,1006 ,9500 ,2475 
2017-08-09,19739 ,310 ,993 ,9535 ,2474 
2017-08-10,19730 ,308 ,991 ,9640 ,2438 
2017-08-11,,303 ,972 ,9700 ,2441 
2017-08-14,19537 ,305 ,977 ,9710 ,2466 
2017-08-16,19729 ,307 ,991 ,9595 ,2468 
2017-08-17,19703 ,309 ,1006 ,9680 ,2430 
2017-08-18,19470 ,308 ,1006 ,9720 ,2426 
2017-08-21,19393 ,308 ,1001 ,9715 ,2428 
2017-08-22,19384 ,309 ,1010 ,9685 ,2453 
2017-08-23,19435 ,310 ,1007 ,9675 ,2444 
2017-08-24,19354 ,311 ,1013 ,9705 ,2439 
2017-08-25,19453 ,311 ,1016 ,9710 ,2443 
2017-08-28,19450 ,310 ,1026 ,9785 ,2444 
2017-08-29,19363 ,309 ,1028 ,9935 ,2446 
2017-08-30,19507 ,310 ,1026 ,9875 ,2458 
2017-08-31,19646 ,308 ,1034 ,9820 ,2472 
2017-09-01,19691 ,308 ,1041 ,9940 ,2477 
2017-09-04,19508 ,304 ,1023 ,10090 ,
2017-09-05,19386 ,304 ,1022 ,10045 ,2458 
2017-09-06,19358 ,303 ,1032 ,10065 ,2466 
2017-09-07,19397 ,307 ,1042 ,10035 ,2465 
2017-09-08,19275 ,307 ,1038 ,10170 ,2461 
2017-09-11,19546 ,310 ,1044 ,10070 ,2488 
2017-09-12,19777 ,310 ,1049 ,9990 ,2496 
2017-09-13,19866 ,310 ,1047 ,10010 ,2498 
2017-09-14,19807 ,313 ,1064 ,9930 ,2496 
2017-09-15,19910 ,314 ,1082 ,10020 ,2500 
2017-09-18,,319 ,1093 ,9925 ,2504 
2017-09-19,20299 ,319 ,1095 ,9865 ,2507 
2017-09-20,20310 ,318 ,1087 ,9865 ,2508 
2017-09-21,20347 ,318 ,1077 ,9780 ,2501 
2017-09-22,20296 ,317 ,1062 ,9760 ,2502 
2017-09-25,20398 ,316 ,1064 ,9745 ,2497 
2017-09-26,20330 ,314 ,1064 ,9875 ,2497 
2017-09-27,20267 ,314 ,1078 ,9745 ,2507 
2017-09-28,20363 ,314 ,1072 ,9605 ,2510 
2017-09-29,20356 ,316 ,1075 ,9645 ,2519 
2017-10-10,20824 ,322 ,1082 ,9700 ,2551 
2017-10-11,20881 ,326 ,1098 ,9705 ,2555 
2017-10-12,20955 ,328 ,1107 ,9755 ,2551 
2017-10-13,21155 ,327 ,1115 ,9745 ,2553 
2017-10-16,21256 ,328 ,1117 ,9805 ,2558 
2017-10-17,21336 ,329 ,1150 ,9705 ,2559 
2017-10-18,21363 ,328 ,1152 ,9660 ,2561 
2017-10-19,21449 ,326 ,1139 ,9580 ,2562 
2017-10-20,21458 ,329 ,1154 ,9640 ,2575 
2017-10-23,21697 ,329 ,1158 ,9600 ,2565 
2017-10-24,21805 ,329 ,1188 ,9630 ,2569 
2017-10-25,21708 ,329 ,1188 ,9585 ,2557 
2017-10-26,21740 ,327 ,1164 ,9625 ,2560 
2017-10-27,22008 ,329 ,1188 ,9520 ,2581 
2017-10-30,22012 ,330 ,1189 ,9525 ,2573 
2017-10-31,22012 ,334 ,1197 ,9590 ,2575 
2017-11-01,22420 ,339 ,1198 ,9575 ,2579 
2017-11-02,22539 ,338 ,1198 ,9610 ,2580 
2017-11-03,,339 ,1217 ,9585 ,2588 
2017-11-06,22548 ,337 ,1224 ,9540 ,2591 
2017-11-07,22938 ,337 ,1211 ,9610 ,2591 
2017-11-08,22914 ,338 ,1234 ,9585 ,2594 
2017-11-09,22869 ,337 ,1230 ,9615 ,2585 
2017-11-10,22681 ,336 ,1252 ,9645 ,2582 
2017-11-13,22381 ,334 ,1304 ,9590 ,2585 
2017-11-14,22380 ,334 ,1351 ,9590 ,2579 
2017-11-15,22028 ,332 ,1393 ,9620 ,2565 
2017-11-16,22351 ,334 ,1416 ,9575 ,2586 
2017-11-17,22397 ,334 ,1399 ,9630 ,2579 
2017-11-20,22262 ,333 ,1427 ,9685 ,2582 
2017-11-21,22416 ,334 ,1435 ,9580 ,2599 
2017-11-22,22523 ,335 ,1396 ,9615 ,2597 
2017-11-23,,335 ,1438 ,9675 ,
2017-11-24,22551 ,335 ,1408 ,9660 ,2602 
2017-11-27,22496 ,330 ,1402 ,9680 ,2601 
2017-11-28,22486 ,331 ,1350 ,9695 ,2627 
2017-11-29,22597 ,331 ,1370 ,9695 ,2626 
2017-11-30,22725 ,325 ,1349 ,9620 ,2648 
2017-12-01,22819 ,325 ,1391 ,9570 ,2642 
2017-12-04,22707 ,329 ,1377 ,9555 ,2639 
2017-12-05,22622 ,330 ,1343 ,9560 ,2630 
2017-12-06,22177 ,325 ,1325 ,9485 ,2629 
2017-12-07,22498 ,324 ,1295 ,9445 ,2637 
2017-12-08,22811 ,325 ,1283 ,9360 ,2652 
2017-12-11,22939 ,325 ,1329 ,9365 ,2660 
2017-12-12,22866 ,324 ,1315 ,9330 ,2664 
2017-12-13,22758 ,326 ,1335 ,9310 ,2663 
2017-12-14,22694 ,325 ,1320 ,9430 ,2652 
2017-12-15,22553 ,326 ,1323 ,9420 ,2676 
2017-12-18,22902 ,327 ,1311 ,9420 ,2690 
2017-12-19,22868 ,327 ,1310 ,9470 ,2681 
2017-12-20,22892 ,326 ,1286 ,9475 ,2679 
2017-12-21,22866 ,320 ,1263 ,9465 ,2685 
2017-12-22,22903 ,321 ,1319 ,9480 ,2683 
2017-12-26,22893 ,319 ,1322 ,9600 ,2681 
2017-12-27,22911 ,320 ,1400 ,9610 ,2683 
2017-12-28,22784 ,325 ,1414 ,9685 ,2688 
2018-01-02,,326 ,1439 ,9805 ,2696 
2018-01-03,,327 ,1464 ,9835 ,2713 
2018-01-04,23506 ,325 ,1426 ,9805 ,2724 
2018-01-05,23715 ,329 ,1477 ,9870 ,2743 
2018-01-08,,331 ,1519 ,9870 ,2748 
2018-01-09,23850 ,330 ,1498 ,9835 ,2751 
2018-01-10,23788 ,328 ,1505 ,9800 ,2748 
2018-01-11,23710 ,326 ,1563 ,9835 ,2768 
2018-01-12,23654 ,327 ,1639 ,9945 ,2786 
2018-01-15,23715 ,327 ,1691 ,10055 ,
2018-01-16,23952 ,330 ,1704 ,10025 ,2776 
2018-01-17,23868 ,329 ,1654 ,9980 ,2803 
2018-01-18,23763 ,329 ,1673 ,9935 ,2798 
2018-01-19,23808 ,330 ,1607 ,9930 ,2810 
2018-01-22,23816 ,326 ,1588 ,9960 ,2833 
2018-01-23,24124 ,331 ,1646 ,9995 ,2839 
2018-01-24,23941 ,331 ,1637 ,10005 ,2838 
2018-01-25,23669 ,334 ,1635 ,10215 ,2839 
2018-01-26,23632 ,335 ,1661 ,10115 ,2873 
2018-01-29,23629 ,338 ,1703 ,10070 ,2854 
2018-01-30,23292 ,333 ,1688 ,9970 ,2822 
2018-01-31,23098 ,333 ,1664 ,10035 ,2824 
2018-02-01,23486 ,333 ,1630 ,10010 ,2822 
2018-02-02,23275 ,327 ,1623 ,10055 ,2762 
2018-02-05,22682 ,323 ,1538 ,9920 ,2649 
2018-02-06,21610 ,318 ,1551 ,10025 ,2695 
2018-02-07,21645 ,310 ,1479 ,9935 ,2682 
2018-02-08,21891 ,312 ,1554 ,9790 ,2581 
2018-02-09,21383 ,305 ,1507 ,9835 ,2620 
2018-02-12,,308 ,1506 ,9885 ,2656 
2018-02-13,21245 ,311 ,1466 ,9910 ,2663 
2018-02-14,21154 ,314 ,1513 ,9955 ,2699 
2018-02-19,22149 ,317 ,1582 ,10070 ,
2018-02-20,21925 ,313 ,1545 ,10000 ,2716 
2018-02-21,21971 ,314 ,1570 ,9900 ,2701 
2018-02-22,21736 ,312 ,1556 ,9850 ,2704 
2018-02-23,21893 ,317 ,1567 ,9880 ,2747 
2018-02-26,22154 ,317 ,1573 ,9990 ,2780 
2018-02-27,22390 ,317 ,1571 ,9955 ,2744 
2018-02-28,22068 ,313 ,1535 ,9825 ,2714 
2018-03-02,21182 ,308 ,1548 ,9825 ,2691 
2018-03-05,21042 ,305 ,1519 ,9900 ,2721 
2018-03-06,21418 ,310 ,1555 ,9865 ,2728 
2018-03-07,21253 ,311 ,1512 ,9925 ,2727 
2018-03-08,21368 ,315 ,1536 ,9865 ,2739 
2018-03-09,21469 ,318 ,1559 ,9795 ,2787 
2018-03-12,21824 ,321 ,1603 ,9860 ,2783 
2018-03-13,21968 ,323 ,1603 ,9810 ,2765 
2018-03-14,21777 ,322 ,1602 ,9855 ,2749 
2018-03-15,21804 ,323 ,1605 ,9880 ,2747 
2018-03-16,21677 ,323 ,1615 ,9790 ,2752 
2018-03-19,21481 ,320 ,1582 ,9745 ,2713 
2018-03-20,21381 ,322 ,1614 ,9800 ,2717 
2018-03-21,,322 ,1599 ,9785 ,2712 
2018-03-22,21592 ,323 ,1563 ,9880 ,2644 
2018-03-23,20618 ,312 ,1469 ,9990 ,2588 
2018-03-26,20766 ,315 ,1528 ,10020 ,2659 
2018-03-27,21317 ,316 ,1525 ,10055 ,2613 
2018-03-28,21031 ,312 ,1511 ,9985 ,2605 
2018-03-29,21159 ,314 ,1550 ,9870 ,2641 
2018-03-30,21454 ,315 ,1551 ,9945 ,
2018-04-02,21389 ,314 ,1541 ,9900 ,2582 
2018-04-03,21292 ,313 ,1554 ,9960 ,2614 
2018-04-04,21320 ,309 ,1539 ,9930 ,2645 
2018-04-05,21645 ,313 ,1551 ,9875 ,2663 
2018-04-06,21568 ,312 ,1550 ,9870 ,2604 
2018-04-09,21678 ,313 ,1566 ,9905 ,2613 
2018-04-10,21794 ,314 ,1565 ,9910 ,2657 
2018-04-11,21687 ,313 ,1573 ,10010 ,2642 
2018-04-12,21660 ,313 ,1554 ,10025 ,2664 
2018-04-13,21779 ,315 ,1568 ,9945 ,2656 
2018-04-16,21836 ,315 ,1570 ,9990 ,2678 
2018-04-17,21848 ,315 ,1571 ,9980 ,2706 
2018-04-18,22158 ,319 ,1554 ,9975 ,2709 
2018-04-19,22191 ,320 ,1526 ,10030 ,2693 
2018-04-20,22162 ,318 ,1531 ,9990 ,2670 
2018-04-23,22088 ,318 ,1502 ,9920 ,2670 
2018-04-24,22278 ,316 ,1484 ,9835 ,2635 
2018-04-25,22215 ,314 ,1482 ,9850 ,2639 
2018-04-26,22320 ,318 ,1501 ,9800 ,2667 
2018-04-27,22468 ,321 ,1522 ,9785 ,2670 
2018-04-30,,324 ,1495 ,9765 ,2648 
2018-05-02,22473 ,323 ,1480 ,9695 ,2636 
2018-05-03,,321 ,1464 ,9715 ,2630 
2018-05-04,,317 ,1430 ,9745 ,2663 
2018-05-08,22509 ,316 ,1362 ,9745 ,2672 
2018-05-09,22409 ,314 ,1425 ,9720 ,2698 
2018-05-10,22497 ,317 ,1420 ,9750 ,2723 
2018-05-11,22758 ,319 ,1437 ,9800 ,2728 
2018-05-14,22866 ,318 ,1403 ,9800 ,2730 
2018-05-15,22818 ,315 ,1420 ,9735 ,2711 
2018-05-16,22717 ,316 ,1420 ,9600 ,2722 
2018-05-17,22838 ,314 ,1430 ,9530 ,2720 
2018-05-18,22930 ,315 ,1454 ,9565 ,2713 
2018-05-21,23002 ,316 ,1454 ,9525 ,2733 
2018-05-23,22690 ,318 ,1451 ,9560 ,2733 
2018-05-24,22437 ,317 ,1470 ,9575 ,2728 
2018-05-25,22451 ,318 ,1486 ,9660 ,2721 
2018-05-28,22481 ,319 ,1490 ,9610 ,
2018-05-29,22358 ,316 ,1459 ,9590 ,2690 
2018-05-30,22019 ,309 ,1482 ,9610 ,2724 
2018-05-31,22202 ,311 ,1492 ,9645 ,2705 
2018-06-01,22171 ,313 ,1495 ,9600 ,2735 
2018-06-04,22476 ,315 ,1470 ,9540 ,2747 
2018-06-05,22540 ,316 ,1469 ,9565 ,2749 
2018-06-07,22823 ,318 ,1493 ,9585 ,2770 
2018-06-08,22695 ,315 ,1469 ,9570 ,2779 
2018-06-11,22804 ,317 ,1466 ,9620 ,2782 
2018-06-12,22878 ,317 ,1472 ,9610 ,2787 
2018-06-14,22739 ,311 ,1456 ,9645 ,2782 
2018-06-15,22852 ,309 ,1458 ,9590 ,2780 
2018-06-18,22680 ,305 ,1410 ,9480 ,2774 
2018-06-19,22278 ,301 ,1363 ,9465 ,2763 
2018-06-20,22555 ,304 ,1420 ,9430 ,2767 
2018-06-21,22693 ,301 ,1388 ,9345 ,2750 
2018-06-22,22517 ,304 ,1406 ,9390 ,2755 
2018-06-25,22338 ,303 ,1416 ,9360 ,2717 
2018-06-26,22342 ,303 ,1411 ,9350 ,2723 
2018-06-27,22272 ,302 ,1400 ,9290 ,2700 
2018-06-28,22270 ,298 ,1370 ,9260 ,2716 
2018-06-29,22305 ,300 ,1392 ,9250 ,2718 
2018-07-02,21812 ,293 ,1338 ,9225 ,2727 
2018-07-03,21786 ,293 ,1352 ,9170 ,2713 
2018-07-04,21717 ,292 ,1357 ,9290 ,
2018-07-05,21547 ,292 ,1361 ,9290 ,2737 
2018-07-06,21788 ,293 ,1391 ,9290 ,2760 
2018-07-09,22052 ,295 ,1392 ,9330 ,2784 
2018-07-10,22197 ,296 ,1390 ,9285 ,2794 
2018-07-11,21932 ,294 ,1357 ,9230 ,2774 
2018-07-12,22188 ,294 ,1384 ,9190 ,2798 
2018-07-13,22597 ,299 ,1399 ,9205 ,2801 
2018-07-16,,297 ,1392 ,9185 ,2798 
2018-07-17,22697 ,297 ,1375 ,9175 ,2810 
2018-07-18,22794 ,296 ,1361 ,9025 ,2816 
2018-07-19,22765 ,296 ,1335 ,9035 ,2804 
2018-07-20,22698 ,297 ,1322 ,9020 ,2802 
2018-07-23,22397 ,295 ,1250 ,9080 ,2807 
2018-07-24,22510 ,295 ,1252 ,9000 ,2820 
2018-07-25,22614 ,295 ,1222 ,9055 ,2846 
2018-07-26,22587 ,297 ,1256 ,9075 ,2837 
2018-07-27,22713 ,298 ,1263 ,9020 ,2819 
2018-07-30,22545 ,297 ,1247 ,9000 ,2803 
2018-07-31,22554 ,297 ,1266 ,9010 ,2816 
2018-08-01,22747 ,299 ,1303 ,9005 ,2813 
2018-08-02,22513 ,294 ,1281 ,8990 ,2827 
2018-08-03,22525 ,296 ,1295 ,8895 ,2840 
2018-08-06,22507 ,295 ,1276 ,8945 ,2850 
2018-08-07,22663 ,297 ,1285 ,8910 ,2858 
2018-08-08,22644 ,297 ,1280 ,8940 ,2858 
2018-08-09,22598 ,297 ,1297 ,8960 ,2854 
2018-08-10,22298 ,294 ,1290 ,8900 ,2833 
2018-08-13,21857 ,290 ,1239 ,8910 ,2822 
2018-08-14,22356 ,291 ,1253 ,8790 ,2840 
2018-08-16,22192 ,288 ,1252 ,8660 ,2841 
2018-08-17,22270 ,289 ,1276 ,8660 ,2850 
2018-08-20,22199 ,289 ,1267 ,8730 ,2857 
2018-08-21,22220 ,292 ,1310 ,8815 ,2863 
2018-08-22,22363 ,293 ,1299 ,8790 ,2862 
2018-08-23,22411 ,294 ,1314 ,8785 ,2857 
2018-08-24,22602 ,296 ,1331 ,8755 ,2875 
2018-08-27,22800 ,297 ,1344 ,8885 ,2897 
2018-08-28,22813 ,297 ,1333 ,8905 ,2898 
2018-08-29,22848 ,298 ,1343 ,8865 ,2914 
2018-08-30,22870 ,298 ,1344 ,8840 ,2901 
2018-08-31,22865 ,300 ,1376 ,8865 ,2902 
2018-09-03,22707 ,297 ,1374 ,8840 ,
2018-09-04,22697 ,299 ,1400 ,8805 ,2897 
2018-09-05,22581 ,295 ,1377 ,8775 ,2889 
2018-09-06,22488 ,294 ,1369 ,8810 ,2878 
2018-09-07,22307 ,293 ,1371 ,8840 ,2872 
2018-09-10,22373 ,294 ,1368 ,8780 ,2877 
2018-09-11,22665 ,292 ,1380 ,8805 ,2888 
2018-09-12,22605 ,292 ,1400 ,8780 ,2889 
2018-09-13,22821 ,292 ,1410 ,8850 ,2904 
2018-09-14,23095 ,297 ,1423 ,8860 ,2905 
2018-09-17,,295 ,1415 ,8805 ,2889 
2018-09-18,23421 ,296 ,1423 ,8790 ,2904 
2018-09-19,23673 ,297 ,1421 ,8825 ,2908 
2018-09-20,23675 ,299 ,1410 ,8860 ,2931 
2018-09-21,23870 ,301 ,1419 ,8895 ,2930 
2018-09-27,23797 ,303 ,1429 ,8790 ,2914 
2018-09-28,24120 ,301 ,1412 ,8685 ,2914 
2018-10-01,24246 ,300 ,1401 ,8740 ,2925 
2018-10-02,24271 ,297 ,1349 ,8775 ,2923 
2018-10-04,23976 ,292 ,1343 ,8805 ,2902 
2018-10-05,23784 ,291 ,1311 ,8825 ,2886 
2018-10-08,,290 ,1297 ,8795 ,2884 
2018-10-10,23506 ,288 ,1278 ,8745 ,2786 
2018-10-11,22591 ,275 ,1222 ,8785 ,2728 
2018-10-12,22695 ,279 ,1274 ,8940 ,2767 
2018-10-15,22271 ,277 ,1234 ,9000 ,2751 
2018-10-16,22549 ,277 ,1258 ,9005 ,2810 
2018-10-17,22841 ,280 ,1269 ,8980 ,2809 
2018-10-18,22658 ,277 ,1246 ,8965 ,2769 
2018-10-19,22532 ,279 ,1274 ,9005 ,2768 
2018-10-22,22615 ,279 ,1284 ,9015 ,2756 
2018-10-23,22011 ,273 ,1236 ,9025 ,2741 
2018-10-24,22091 ,271 ,1204 ,9045 ,2656 
2018-10-25,21269 ,267 ,1189 ,9105 ,2706 
2018-10-26,21185 ,263 ,1148 ,9080 ,2659 
2018-10-29,21150 ,260 ,1115 ,9055 ,2641 
2018-10-30,21457 ,262 ,1142 ,9000 ,2683 
2018-10-31,21920 ,264 ,1124 ,8945 ,2712 
2018-11-01,21688 ,263 ,1126 ,8970 ,2740 
2018-11-02,22244 ,273 ,1193 ,9055 ,2723 
2018-11-05,21899 ,270 ,1195 ,9050 ,2738 
2018-11-06,22148 ,272 ,1190 ,9010 ,2755 
2018-11-07,22086 ,270 ,1173 ,9025 ,2814 
2018-11-08,22487 ,272 ,1185 ,8985 ,2807 
2018-11-09,22250 ,271 ,1164 ,8950 ,2781 
2018-11-12,22270 ,272 ,1122 ,8855 ,2726 
2018-11-13,21811 ,270 ,1126 ,8835 ,2722 
2018-11-14,21846 ,269 ,1128 ,8830 ,2702 
2018-11-15,21804 ,272 ,1156 ,8900 ,2730 
2018-11-16,21680 ,272 ,1174 ,8905 ,2736 
2018-11-19,21821 ,272 ,1202 ,8920 ,2691 
2018-11-20,21583 ,270 ,1173 ,8955 ,2642 
2018-11-21,21508 ,268 ,1186 ,8955 ,2650 
2018-11-22,21647 ,268 ,1183 ,9010 ,
2018-11-23,,266 ,1165 ,9005 ,2633 
2018-11-26,21812 ,270 ,1194 ,8985 ,2673 
2018-11-27,21952 ,272 ,1201 ,8960 ,2682 
2018-11-28,22177 ,273 ,1197 ,8910 ,2744 
2018-11-29,22263 ,274 ,1185 ,8990 ,2738 
2018-11-30,22351 ,271 ,1187 ,8970 ,2760 
2018-12-03,22575 ,276 ,1222 ,8995 ,2790 
2018-12-04,22036 ,273 ,1215 ,9075 ,2700 
2018-12-05,21919 ,271 ,1200 ,9050 ,
2018-12-06,21502 ,267 ,1158 ,9070 ,2696 
2018-12-07,21679 ,268 ,1176 ,9070 ,2633 
2018-12-10,21220 ,265 ,1151 ,9155 ,2638 
2018-12-11,21148 ,265 ,1131 ,9145 ,2637 
2018-12-12,21603 ,268 ,1166 ,9090 ,2651 
2018-12-13,21816 ,269 ,1169 ,9095 ,2651 
2018-12-14,21375 ,266 ,1132 ,9060 ,2600 
2018-12-17,21507 ,266 ,1126 ,9065 ,2546 
2018-12-18,21115 ,265 ,1123 ,9105 ,2546 
2018-12-19,20988 ,267 ,1154 ,9130 ,2507 
2018-12-20,20393 ,265 ,1149 ,9105 ,2467 
2018-12-21,20166 ,265 ,1162 ,9215 ,2417 
2018-12-24,,264 ,1157 ,9240 ,2351 
2018-12-26,19327 ,261 ,1167 ,9325 ,2468 
2018-12-27,20078 ,261 ,1161 ,9285 ,2489 
2018-12-28,20015 ,262 ,1166 ,9350 ,2486 
2019-01-02,,258 ,1144 ,9400 ,2510 
2019-01-03,,256 ,1115 ,9440 ,2448 
2019-01-04,19562 ,258 ,1132 ,9460 ,2532 
2019-01-07,20039 ,262 ,1141 ,9425 ,2550 
2019-01-08,20204 ,260 ,1131 ,9380 ,2574 
2019-01-09,20427 ,266 ,1148 ,9350 ,2585 
2019-01-10,20164 ,266 ,1154 ,9460 ,2597 
2019-01-11,20360 ,267 ,1154 ,9450 ,2596 
2019-01-14,,265 ,1139 ,9435 ,2583 
2019-01-15,20555 ,270 ,1149 ,9430 ,2610 
2019-01-16,20443 ,271 ,1147 ,9430 ,2616 
2019-01-17,20402 ,272 ,1128 ,9430 ,2636 
2019-01-18,20666 ,274 ,1148 ,9430 ,2671 
2019-01-21,20719 ,274 ,1140 ,9370 ,
2019-01-22,20623 ,273 ,1140 ,9310 ,2633 
2019-01-23,20594 ,274 ,1136 ,9375 ,2639 
2019-01-24,20575 ,277 ,1156 ,9340 ,2642 
2019-01-25,20774 ,282 ,1168 ,9355 ,2665 
2019-01-28,20649 ,282 ,1177 ,9500 ,2644 
2019-01-29,20665 ,283 ,1173 ,9510 ,2640 
2019-01-30,20557 ,287 ,1184 ,9585 ,2681 
2019-01-31,20773 ,286 ,1191 ,9625 ,2704 
2019-02-01,20788 ,286 ,1192 ,9615 ,2707 
2019-02-07,20751 ,286 ,1217 ,9505 ,2706 
2019-02-08,20333 ,281 ,1214 ,9525 ,2708 
2019-02-11,,282 ,1227 ,9565 ,2710 
2019-02-12,20864 ,284 ,1218 ,9540 ,2745 
2019-02-13,21144 ,285 ,1235 ,9570 ,2753 
2019-02-14,21140 ,289 ,1237 ,9530 ,2746 
2019-02-15,20901 ,284 ,1229 ,9550 ,2776 
2019-02-18,21282 ,286 ,1241 ,9635 ,
2019-02-19,21303 ,285 ,1249 ,9645 ,2780 
2019-02-20,21431 ,288 ,1254 ,9755 ,2785 
2019-02-21,21464 ,288 ,1246 ,9750 ,2775 
2019-02-22,21426 ,289 ,1239 ,9640 ,2793 
2019-02-25,21528 ,289 ,1253 ,9700 ,2796 
2019-02-26,21449 ,288 ,1248 ,9665 ,2794 
2019-02-27,21557 ,289 ,1259 ,9660 ,2792 
2019-02-28,21385 ,284 ,1235 ,9575 ,2784 
2019-03-04,21822 ,283 ,1268 ,9405 ,2793 
2019-03-05,21726 ,280 ,1267 ,9340 ,2790 
2019-03-06,21597 ,280 ,1253 ,9370 ,2771 
2019-03-07,21456 ,279 ,1229 ,9350 ,2749 
2019-03-08,21026 ,275 ,1230 ,9400 ,2743 
2019-03-11,21125 ,275 ,1242 ,9450 ,2783 
2019-03-12,21504 ,278 ,1273 ,9420 ,2792 
2019-03-13,21290 ,276 ,1271 ,9495 ,2811 
2019-03-14,21287 ,277 ,1256 ,9465 ,2808 
2019-03-15,21451 ,280 ,1243 ,9460 ,2822 
2019-03-18,21585 ,280 ,1243 ,9450 ,2833 
2019-03-19,21567 ,280 ,1228 ,9490 ,2833 
2019-03-20,21609 ,280 ,1232 ,9495 ,2824 
2019-03-21,,282 ,1219 ,9590 ,2855 
2019-03-22,21627 ,283 ,1219 ,9535 ,2801 
2019-03-25,20977 ,277 ,1188 ,9575 ,2798 
2019-03-26,21428 ,278 ,1204 ,9600 ,2818 
2019-03-27,21379 ,277 ,1182 ,9545 ,2805 
2019-03-28,21034 ,275 ,1170 ,9520 ,2815 
2019-03-29,21206 ,276 ,1194 ,9350 ,2834 
2019-04-01,21509 ,280 ,1200 ,9375 ,2867 
2019-04-02,21505 ,282 ,1203 ,9345 ,2867 
2019-04-03,21713 ,286 ,1224 ,9390 ,2873 
2019-04-04,21725 ,286 ,1221 ,9385 ,2879 
2019-04-05,21808 ,287 ,1212 ,9355 ,2893 
2019-04-08,21762 ,286 ,1210 ,9415 ,2896 
2019-04-09,21803 ,287 ,1216 ,9425 ,2878 
2019-04-10,21688 ,288 ,1221 ,9470 ,2888 
2019-04-11,21711 ,287 ,1233 ,9485 ,2888 
2019-04-12,21871 ,288 ,1228 ,9390 ,2907 
2019-04-15,22169 ,289 ,1226 ,9340 ,2906 
2019-04-16,22222 ,291 ,1228 ,9315 ,2907 
2019-04-17,22278 ,290 ,1228 ,9260 ,2900 
2019-04-18,22090 ,286 ,1200 ,9195 ,2905 
2019-04-19,22201 ,286 ,1219 ,9240 ,
2019-04-22,22218 ,286 ,1219 ,9275 ,2908 
2019-04-23,22260 ,286 ,1219 ,9220 ,2934 
2019-04-24,22200 ,284 ,1211 ,9200 ,2927 
2019-04-25,22308 ,283 ,1200 ,9250 ,2926 
2019-04-26,22259 ,281 ,1186 ,9285 ,2940 
2019-04-29,,287 ,1205 ,9310 ,2943 
2019-04-30,,285 ,1208 ,9300 ,2946 
2019-05-02,,286 ,1208 ,9215 ,2918 
2019-05-03,,284 ,1210 ,9200 ,2946 
2019-05-07,21924 ,281 ,1193 ,9300 ,2884 
2019-05-08,21603 ,280 ,1176 ,9315 ,2879 
2019-05-09,21402 ,271 ,1144 ,9290 ,2871 
2019-05-10,21345 ,272 ,1140 ,9305 ,2881 
2019-05-13,21191 ,269 ,1110 ,9300 ,2812 
2019-05-14,21067 ,269 ,1112 ,9405 ,2834 
2019-05-15,21189 ,270 ,1142 ,9375 ,2851 
2019-05-16,21063 ,266 ,1121 ,9390 ,2876 
2019-05-17,21250 ,264 ,1110 ,9325 ,2860 
2019-05-20,21302 ,265 ,1088 ,9240 ,2840 
2019-05-21,21272 ,266 ,1091 ,9230 ,2864 
2019-05-22,21283 ,267 ,1094 ,9210 ,2856 
2019-05-23,21151 ,266 ,1073 ,9225 ,2822 
2019-05-24,21117 ,264 ,1062 ,9285 ,2826 
2019-05-27,21183 ,264 ,1061 ,9310 ,
2019-05-28,21260 ,265 ,1086 ,9285 ,2802 
2019-05-29,21003 ,261 ,1060 ,9285 ,2783 
2019-05-30,20943 ,264 ,1060 ,9240 ,2789 
2019-05-31,20601 ,264 ,1075 ,9350 ,2752 
2019-06-03,20411 ,268 ,1079 ,9490 ,2744 
2019-06-04,20409 ,268 ,1084 ,9595 ,2803 
2019-06-05,20776 ,268 ,1086 ,9620 ,2826 
2019-06-07,20885 ,268 ,1094 ,9605 ,2873 
2019-06-10,21134 ,272 ,1100 ,9580 ,2887 
2019-06-11,21204 ,273 ,1114 ,9595 ,2886 
2019-06-12,21130 ,273 ,1103 ,9655 ,2880 
2019-06-13,21032 ,271 ,1100 ,9670 ,2892 
2019-06-14,21117 ,270 ,1092 ,9750 ,2887 
2019-06-17,21124 ,270 ,1084 ,9685 ,2890 
2019-06-18,20973 ,271 ,1071 ,9740 ,2918 
2019-06-19,21334 ,275 ,1079 ,9720 ,2926 
2019-06-20,21463 ,276 ,1095 ,9990 ,2954 
2019-06-21,21259 ,275 ,1083 ,10080 ,2950 
2019-06-24,21286 ,276 ,1075 ,10150 ,2945 
2019-06-25,21194 ,275 ,1067 ,10310 ,2917 
2019-06-26,21087 ,276 ,1066 ,10170 ,2914 
2019-06-27,21338 ,278 ,1038 ,10145 ,2925 
2019-06-28,21276 ,278 ,1013 ,10220 ,2942 
2019-07-01,21730 ,277 ,1037 ,9995 ,2964 
2019-07-02,21754 ,276 ,1028 ,10035 ,2973 
2019-07-03,21638 ,272 ,1026 ,10290 ,2996 
2019-07-04,21702 ,275 ,1020 ,10215 ,
2019-07-05,21746 ,274 ,1031 ,10195 ,2990 
2019-07-08,21534 ,269 ,995 ,10130 ,2976 
2019-07-09,21565 ,268 ,970 ,10055 ,2980 
2019-07-10,21533 ,269 ,982 ,10040 ,2993 
2019-07-11,21644 ,272 ,998 ,10235 ,3000 
2019-07-12,21686 ,273 ,1000 ,10155 ,3014 
2019-07-15,,273 ,991 ,10205 ,3014 
2019-07-16,21535 ,274 ,996 ,10195 ,3004 
2019-07-17,21469 ,271 ,986 ,10135 ,2984 
2019-07-18,21046 ,271 ,982 ,10245 ,2995 
2019-07-19,21467 ,275 ,1002 ,10410 ,2977 
2019-07-22,21417 ,275 ,1001 ,10290 ,2985 
2019-07-23,21621 ,276 ,993 ,10220 ,3005 
2019-07-24,21710 ,273 ,982 ,10245 ,3020 
2019-07-25,21757 ,273 ,972 ,10265 ,3004 
2019-07-26,21658 ,272 ,962 ,10205 ,3026 
2019-07-29,21617 ,268 ,929 ,10210 ,3021 
2019-07-30,21709 ,269 ,933 ,10260 ,3013 
2019-07-31,21522 ,266 ,940 ,10310 ,2980 
2019-08-01,21541 ,266 ,931 ,10145 ,2954 
2019-08-02,21087 ,263 ,903 ,10325 ,2932 
2019-08-05,20720 ,257 ,827 ,10520 ,2845 
2019-08-06,20585 ,253 ,803 ,10540 ,2882 
2019-08-07,20517 ,252 ,819 ,10730 ,2884 
2019-08-08,20593 ,252 ,848 ,10805 ,2938 
2019-08-09,20685 ,255 ,848 ,10820 ,2919 
2019-08-12,,255 ,850 ,10770 ,2884 
2019-08-13,20455 ,253 ,840 ,10965 ,2926 
2019-08-14,20655 ,255 ,857 ,10785 ,2841 
2019-08-16,20419 ,254 ,852 ,10905 ,2889 
2019-08-19,20563 ,255 ,857 ,10830 ,2924 
2019-08-20,20677 ,258 ,875 ,10775 ,2901 
2019-08-21,20619 ,258 ,894 ,10810 ,2924 
2019-08-22,20628 ,256 ,889 ,10805 ,2923 
2019-08-23,20711 ,256 ,882 ,10735 ,2847 
2019-08-26,20261 ,252 ,834 ,11090 ,2878 
2019-08-27,20456 ,254 ,844 ,11040 ,2869 
2019-08-28,20479 ,256 ,878 ,11075 ,2888 
2019-08-29,20461 ,254 ,874 ,11115 ,2925 
2019-08-30,20704 ,259 ,891 ,11005 ,2926 
2019-09-02,20620 ,259 ,911 ,10960 ,
2019-09-03,20625 ,258 ,905 ,10975 ,2906 
2019-09-04,20649 ,262 ,920 ,11055 ,2938 
2019-09-05,21086 ,264 ,927 ,11110 ,2976 
2019-09-06,21200 ,266 ,922 ,10890 ,2979 
2019-09-09,21318 ,267 ,915 ,10845 ,2978 
2019-09-10,21392 ,269 ,908 ,10710 ,2979 
2019-09-11,21598 ,271 ,921 ,10720 ,3001 
2019-09-16,,272 ,943 ,10825 ,2998 
2019-09-17,22001 ,272 ,948 ,10750 ,3006 
2019-09-18,21961 ,273 ,945 ,10770 ,3007 
2019-09-19,22044 ,275 ,943 ,10735 ,3007 
2019-09-20,22079 ,276 ,946 ,10795 ,2992 
2019-09-23,,277 ,938 ,10885 ,2992 
2019-09-24,22099 ,278 ,923 ,10930 ,2967 
2019-09-25,22020 ,274 ,898 ,10985 ,2985 
2019-09-26,22048 ,275 ,904 ,10840 ,2978 
2019-09-27,21879 ,271 ,899 ,10800 ,2962 
2019-09-30,21756 ,274 ,894 ,10690 ,2977 
2019-10-01,21885 ,274 ,926 ,10495 ,2940 
2019-10-02,21779 ,269 ,908 ,10595 ,2888 
2019-10-04,21410 ,267 ,911 ,10820 ,2952 
2019-10-07,21375 ,268 ,946 ,10805 ,2939 
2019-10-08,21588 ,271 ,958 ,10685 ,2893 
2019-10-10,21552 ,269 ,955 ,10790 ,2938 
2019-10-11,21799 ,271 ,947 ,10750 ,2970 
2019-10-14,,274 ,966 ,10675 ,2966 
2019-10-15,22207 ,274 ,976 ,10685 ,2996 
2019-10-16,22473 ,276 ,983 ,10605 ,2990 
2019-10-17,22452 ,276 ,974 ,10695 ,2998 
2019-10-18,22493 ,273 ,967 ,10680 ,2986 
2019-10-21,22549 ,274 ,988 ,10690 ,3007 
2019-10-22,,277 ,1011 ,10640 ,2996 
2019-10-23,22625 ,276 ,1034 ,10675 ,3005 
2019-10-24,22751 ,277 ,1031 ,10690 ,3010 
2019-10-25,22800 ,277 ,1004 ,10785 ,3023 
2019-10-28,22867 ,278 ,999 ,10775 ,3039 
2019-10-29,22974 ,278 ,1016 ,10675 ,3037 
2019-10-30,22843 ,276 ,1012 ,10655 ,3047 
2019-10-31,22927 ,276 ,1017 ,10730 ,3038 
2019-11-01,22851 ,278 ,1023 ,10815 ,3067 
2019-11-04,,283 ,1035 ,10820 ,3078 
2019-11-05,23252 ,284 ,1046 ,10770 ,3075 
2019-11-06,23304 ,285 ,1027 ,10635 ,3077 
2019-11-07,23330 ,284 ,1023 ,10680 ,3085 
2019-11-08,23392 ,283 ,1020 ,10535 ,3093 
2019-11-11,23332 ,281 ,1009 ,10480 ,3087 
2019-11-12,23520 ,284 ,1018 ,10375 ,3092 
2019-11-13,23320 ,281 ,1004 ,10465 ,3094 
2019-11-14,23142 ,284 ,1010 ,10500 ,3097 
2019-11-15,23303 ,287 ,1025 ,10475 ,3120 
2019-11-18,23417 ,287 ,1020 ,10485 ,3122 
2019-11-19,23293 ,286 ,1002 ,10535 ,3120 
2019-11-20,23149 ,282 ,981 ,10550 ,3108 
2019-11-21,23039 ,278 ,956 ,10525 ,3104 
2019-11-22,23113 ,279 ,952 ,10490 ,3110 
2019-11-25,23293 ,282 ,980 ,10430 ,3134 
2019-11-26,23373 ,282 ,985 ,10420 ,3141 
2019-11-27,23438 ,283 ,979 ,10435 ,3154 
2019-11-28,23409 ,281 ,960 ,10420 ,
2019-11-29,23294 ,277 ,947 ,10430 ,3141 
2019-12-02,23530 ,277 ,953 ,10430 ,3114 
2019-12-03,23380 ,276 ,941 ,10440 ,3093 
2019-12-04,23135 ,274 ,938 ,10580 ,3113 
2019-12-05,23300 ,273 ,924 ,10555 ,3117 
2019-12-06,23354 ,277 ,944 ,10525 ,3146 
2019-12-09,23431 ,278 ,942 ,10445 ,3136 
2019-12-10,23410 ,279 ,940 ,10450 ,3133 
2019-12-11,23392 ,280 ,938 ,10455 ,3142 
2019-12-12,23425 ,285 ,956 ,10535 ,3169 
2019-12-13,24023 ,290 ,965 ,10485 ,3169 
2019-12-16,23952 ,290 ,962 ,10555 ,3191 
2019-12-17,24066 ,294 ,979 ,10560 ,3193 
2019-12-18,23934 ,294 ,972 ,10555 ,3191 
2019-12-19,23865 ,294 ,974 ,10545 ,3205 
2019-12-20,23817 ,295 ,980 ,10565 ,3221 
2019-12-23,23821 ,295 ,989 ,10575 ,3224 
2019-12-24,23831 ,293 ,973 ,10655 ,3223 
2019-12-26,23925 ,294 ,999 ,10745 ,3240 
2019-12-27,23838 ,295 ,1013 ,10780 ,3240 
2019-12-30,23657 ,294 ,1030 ,10810 ,3221 
2020-01-02,,290 ,1031 ,10845 ,3258 
2020-01-03,,291 ,1015 ,11000 ,3235 
2020-01-06,23205 ,288 ,985 ,11245 ,3246 
2020-01-07,23576 ,291 ,1006 ,11180 ,3237 
2020-01-08,23205 ,289 ,971 ,11360 ,3253 
2020-01-09,23740 ,294 ,1015 ,11055 ,3275 
2020-01-10,23851 ,297 ,1025 ,11035 ,3265 
2020-01-13,,300 ,1032 ,11080 ,3288 
2020-01-14,24025 ,302 ,1030 ,10975 ,3283 
2020-01-15,23917 ,300 ,1025 ,11060 ,3289 
2020-01-16,23933 ,303 ,1038 ,11060 ,3317 
2020-01-17,24041 ,303 ,1035 ,11075 ,3330 
2020-01-20,24084 ,306 ,1026 ,11140 ,
2020-01-21,23865 ,302 ,1012 ,11155 ,3321 
2020-01-22,24031 ,306 ,1034 ,11050 ,3322 
2020-01-23,23795 ,302 ,1025 ,11080 ,3326 
2020-01-28,23216 ,293 ,986 ,11250 ,3276 
2020-01-29,23379 ,294 ,998 ,11160 ,3273 
2020-01-30,22978 ,288 ,977 ,11225 ,3284 
2020-01-31,23205 ,285 ,959 ,11210 ,3226 
2020-02-03,22972 ,285 ,972 ,11240 ,3249 
2020-02-04,23085 ,291 ,993 ,11180 ,3298 
2020-02-05,23320 ,292 ,989 ,11095 ,3335 
2020-02-06,23874 ,301 ,1011 ,11080 ,3346 
2020-02-07,23828 ,298 ,1010 ,11125 ,3328 
2020-02-10,23686 ,296 ,1017 ,11180 ,3352 
2020-02-11,,299 ,1029 ,11165 ,3358 
2020-02-12,23861 ,302 ,1034 ,11130 ,3379 
2020-02-13,23828 ,301 ,1033 ,11210 ,3374 
2020-02-14,23688 ,303 ,1031 ,11210 ,3380 
2020-02-17,23523 ,303 ,1035 ,11255 ,
2020-02-18,23194 ,298 ,1019 ,11280 ,3370 
2020-02-19,23401 ,298 ,1021 ,11405 ,3386 
2020-02-20,23479 ,297 ,1014 ,11440 ,3373 
2020-02-21,23387 ,292 ,990 ,11600 ,3338 
2020-02-24,,281 ,946 ,11830 ,3226 
2020-02-25,22605 ,284 ,982 ,11640 ,3128 
2020-02-26,22426 ,280 ,982 ,11695 ,3116 
2020-02-27,21948 ,277 ,964 ,11745 ,2979 
2020-02-28,21143 ,268 ,927 ,11615 ,2954 
2020-03-02,21344 ,270 ,956 ,11405 ,3090 
2020-03-03,21083 ,272 ,949 ,11365 ,3003 
2020-03-04,21100 ,278 ,968 ,11675 ,3130 
2020-03-05,21329 ,281 ,981 ,11660 ,3024 
2020-03-06,20750 ,275 ,970 ,11910 ,2972 
2020-03-09,19699 ,263 ,930 ,11880 ,2747 
2020-03-10,19867 ,265 ,948 ,11805 ,2882 
2020-03-11,19416 ,257 ,906 ,11810 ,2741 
2020-03-12,18560 ,248 ,867 ,11605 ,2481 
2020-03-13,17431 ,241 ,820 ,11290 ,2711 
2020-03-16,17002 ,233 ,795 ,10965 ,2386 
2020-03-17,17012 ,227 ,827 ,10570 ,2529 
2020-03-18,16727 ,216 ,772 ,10725 ,2398 
2020-03-19,16553 ,199 ,697 ,10535 ,2409 
2020-03-20,,214 ,770 ,10655 ,2305 
2020-03-23,16888 ,202 ,731 ,10610 ,2237 
2020-03-24,18092 ,220 ,796 ,11270 ,2447 
2020-03-25,19547 ,233 ,829 ,11730 ,2476 
2020-03-26,18665 ,229 ,836 ,11465 ,2630 
2020-03-27,19389 ,234 ,841 ,11675 ,2541 
2020-03-30,19085 ,232 ,867 ,11600 ,2627 
2020-03-31,18917 ,237 ,917 ,11545 ,2585 
2020-04-01,18065 ,226 ,876 ,11310 ,2471 
2020-04-02,17819 ,232 ,907 ,11305 ,2527 
2020-04-03,17820 ,232 ,911 ,11500 ,2489 
2020-04-06,18576 ,241 ,949 ,11640 ,2664 
2020-04-07,18950 ,245 ,955 ,12110 ,2659 
2020-04-08,19353 ,242 ,948 ,11875 ,2750 
2020-04-09,19346 ,246 ,957 ,11900 ,2790 
2020-04-10,19499 ,248 ,949 ,12500 ,
2020-04-13,19043 ,243 ,928 ,12240 ,2762 
2020-04-14,19639 ,247 ,953 ,12450 ,2846 
2020-04-16,19290 ,247 ,976 ,12365 ,2800 
2020-04-17,19897 ,255 ,992 ,12090 ,2875 
2020-04-20,19669 ,252 ,990 ,11945 ,2823 
2020-04-21,19281 ,249 ,978 ,12075 ,2737 
2020-04-22,19138 ,252 ,989 ,12035 ,2799 
2020-04-23,19429 ,254 ,995 ,12295 ,2798 
2020-04-24,19262 ,250 ,978 ,12335 ,2837 
2020-04-27,19783 ,255 ,1001 ,12290 ,2878 
2020-04-28,19771 ,256 ,994 ,12085 ,2863 
2020-04-29,,258 ,993 ,12165 ,2940 
2020-05-04,,251 ,984 ,12090 ,2843 
2020-05-06,,255 ,1012 ,12075 ,2848 
2020-05-07,19675 ,254 ,1025 ,11930 ,2881 
2020-05-08,20179 ,257 ,1053 ,12210 ,2930 
2020-05-11,20391 ,255 ,1060 ,12040 ,2930 
2020-05-12,20366 ,253 ,1057 ,12015 ,2870 
2020-05-13,20267 ,256 ,1068 ,12035 ,2820 
2020-05-14,19915 ,254 ,1067 ,12140 ,2853 
2020-05-15,20037 ,254 ,1066 ,12325 ,2864 
2020-05-18,20134 ,255 ,1055 ,12505 ,2954 
2020-05-19,20433 ,262 ,1065 ,12260 ,2923 
2020-05-20,20595 ,263 ,1082 ,12365 ,2972 
2020-05-21,20552 ,264 ,1093 ,12300 ,2949 
2020-05-22,20388 ,260 ,1080 ,12260 ,2955 
2020-05-25,20742 ,263 ,1096 ,12240 ,
2020-05-26,21271 ,267 ,1111 ,12275 ,2992 
2020-05-27,21419 ,268 ,1103 ,12055 ,3036 
